시군구,도로명,주소,사고건수,사망자수,중상자수,경상자수,부상신고자수,위도,경도
광주광역시 동구,필문대로,광주광역시 동구 필문대로,4,1,1,3,0,35.1580949,126.9285269
광주광역시 동구,참판로,광주광역시 동구 참판로,3,0,0,3,0,35.1608367,126.9272848
광주광역시 동구,화산로350번길,광주광역시 동구 화산로350번길,1,0,0,1,0,35.115439,126.932745
광주광역시 동구,군왕로,광주광역시 동구 군왕로,1,0,0,1,0,35.1738498,126.9334553
광주광역시 동구,남문로,광주광역시 동구 남문로,58,1,15,83,5,35.1196779,126.9327871
광주광역시 동구,대남대로,광주광역시 동구 대남대로,5,0,2,7,0,35.1385539,126.9227167
광주광역시 동구,제봉로,광주광역시 동구 제봉로,42,1,4,52,3,35.1476504,126.9189039
광주광역시 동구,구성로,광주광역시 동구 구성로,19,0,3,27,1,35.1539407,126.9149862
광주광역시 동구,백서로,광주광역시 동구 백서로,14,0,0,24,0,35.1458699,126.9245852
광주광역시 동구,밤실로,광주광역시 동구 밤실로,9,0,3,7,1,35.1540805,126.9365134
광주광역시 동구,양림로,광주광역시 동구 양림로,4,0,0,4,0,35.1398694,126.9206942
광주광역시 동구,무등로,광주광역시 동구 무등로,2,0,1,4,0,35.1586,126.9465078
광주광역시 동구,중앙로,광주광역시 동구 중앙로,44,1,13,47,2,35.1543163,126.917315
광주광역시 동구,화산로,광주광역시 동구 화산로,3,0,0,4,0,35.1185146,126.9281308
광주광역시 동구,갈마로,광주광역시 동구 갈마로,2,0,1,1,0,35.160861,126.9337936
광주광역시 동구,독립로264번길,광주광역시 동구 독립로264번길,1,0,0,1,0,35.1537003,126.9125133
광주광역시 동구,천변좌로,광주광역시 동구 천변좌로,2,0,0,2,0,35.1248313,126.9295878
광주광역시 동구,계림로,광주광역시 동구 계림로,3,0,0,5,0,35.1561687,126.9224728
광주광역시 동구,제봉로110번길,광주광역시 동구 제봉로110번길,1,0,0,5,0,35.1487287,126.9230717
광주광역시 동구,장동로,광주광역시 동구 장동로,2,0,0,1,1,35.1483239,126.9247494
광주광역시 동구,서남로,광주광역시 동구 서남로,9,0,1,11,1,35.1449367,126.9236815
광주광역시 동구,문화전당로,광주광역시 동구 문화전당로,4,0,0,9,0,35.1446066,126.9196579
광주광역시 동구,산수길,광주광역시 동구 산수길,1,0,0,1,0,35.1559667,126.9278898
광주광역시 동구,무등로384번길,광주광역시 동구 무등로384번길,3,0,0,4,0,35.1576942,126.9259327
광주광역시 동구,남문로724번길,광주광역시 동구 남문로724번길,1,0,1,0,0,35.1372831,126.9264245
광주광역시 동구,밤실로136번길,광주광역시 동구 밤실로136번길,1,0,0,1,0,35.1595102,126.9363863
광주광역시 동구,남문로701번길,광주광역시 동구 남문로701번길,1,0,0,2,0,35.1328176,126.9265084
광주광역시 동구,남문로753번길,광주광역시 동구 남문로753번길,1,0,0,1,1,35.136077,126.9237735
광주광역시 동구,지호로,광주광역시 동구 지호로,4,0,0,4,0,35.1495224,126.9388001
광주광역시 동구,지산로,광주광역시 동구 지산로,4,0,1,3,0,35.1487051,126.9323236
광주광역시 동구,준법로,광주광역시 동구 준법로,4,0,0,6,0,35.1494975,126.9349622
광주광역시 동구,의재로,광주광역시 동구 의재로,14,0,6,13,1,35.1326573,126.9370045
광주광역시 동구,필문대로273번길,광주광역시 동구 필문대로273번길,7,0,0,7,0,35.14621,126.9291254
광주광역시 동구,증심천로,광주광역시 동구 증심천로,1,0,1,0,0,35.1320147,126.9352017
광주광역시 동구,의재로109번길,광주광역시 동구 의재로109번길,1,0,0,1,0,35.1363738,126.9404134
광주광역시 동구,운림길75번길,광주광역시 동구 운림길75번길,1,0,0,1,0,35.134736,126.9454377
광주광역시 동구,태봉길,광주광역시 동구 태봉길,1,0,1,0,0,35.1296225,126.9401493
광주광역시 동구,남문로587번길,광주광역시 동구 남문로587번길,1,0,0,1,0,35.1233599,126.9315431
광주광역시 동구,남문로648번길,광주광역시 동구 남문로648번길,1,0,1,0,0,35.1295337,126.9317559
광주광역시 동구,지원로,광주광역시 동구 지원로,2,0,1,1,0,35.1240761,126.9345886
광주광역시 동구,소태길,광주광역시 동구 소태길,2,0,0,2,0,35.1196498,126.9408359
광주광역시 동구,남문로744번길,광주광역시 동구 남문로744번길,3,0,0,4,0,35.1377056,126.9261922
광주광역시 동구,백서로125번길,광주광역시 동구 백서로125번길,9,0,0,9,1,35.1434739,126.9181489
광주광역시 동구,제봉로82번길,광주광역시 동구 제봉로82번길,3,0,0,3,0,35.1467844,126.9231875
광주광역시 동구,동명로,광주광역시 동구 동명로,11,0,3,11,0,35.1507925,126.9271587
광주광역시 동구,동계로,광주광역시 동구 동계로,4,0,1,5,0,35.1543147,126.9244076
광주광역시 동구,경양로247번길,광주광역시 동구 경양로247번길,1,0,1,0,0,35.1578665,126.9188397
광주광역시 동구,학소로,광주광역시 동구 학소로,4,0,0,4,1,35.1292541,126.9331593
광주광역시 동구,문화전당로26번길,광주광역시 동구 문화전당로26번길,1,0,0,1,1,35.1452727,126.9208843
광주광역시 동구,무등로,광주광역시 동구 무등로,19,0,8,25,0,35.1586,126.9465078
광주광역시 동구,중흥로,광주광역시 동구 중흥로,1,0,1,0,0,35.1599031,126.917265
광주광역시 동구,경양로,광주광역시 동구 경양로,7,0,4,7,0,35.1549189,126.9254289
광주광역시 동구,동계천로,광주광역시 동구 동계천로,12,0,3,12,1,35.1518696,126.9219207
광주광역시 동구,필문대로,광주광역시 동구 필문대로,68,0,17,93,2,35.1580949,126.9285269
광주광역시 동구,금남로,광주광역시 동구 금남로,22,0,2,36,0,35.151062,126.9138333
광주광역시 동구,천변우로,광주광역시 동구 천변우로,35,0,10,38,2,35.1441388,126.915745
광주광역시 동구,2순환로,광주광역시 동구 2순환로,16,0,7,53,0,35.1261784,126.9388236
광주광역시 동구,독립로,광주광역시 동구 독립로,19,1,3,18,0,35.1574755,126.9129709
광주광역시 동구,필문대로123번길,광주광역시 동구 필문대로123번길,1,0,1,0,0,35.1599236,126.9321044
광주광역시 동구,동명로69번길,광주광역시 동구 동명로69번길,1,0,0,1,0,35.1521902,126.9279772
광주광역시 동구,서석로,광주광역시 동구 서석로,13,0,1,19,1,35.1464381,126.9174851
광주광역시 동구,동명로67번길,광주광역시 동구 동명로67번길,1,0,0,0,1,35.1527783,126.9267137
광주광역시 동구,천변우로,광주광역시 동구 천변우로,1,0,0,3,0,35.1441388,126.915745
광주광역시 동구,금남로,광주광역시 동구 금남로,2,0,0,2,0,35.151062,126.9138333
광주광역시 동구,금재로,광주광역시 동구 금재로,1,0,1,1,0,35.1571017,126.9081352
광주광역시 동구,천변우로,광주광역시 동구 천변우로,2,0,2,1,0,35.1441388,126.915745
광주광역시 동구,제봉로,광주광역시 동구 제봉로,5,0,1,14,0,35.1476504,126.9189039
광주광역시 동구,천변좌로,광주광역시 동구 천변좌로,1,0,1,0,0,35.1248313,126.9295878
광주광역시 동구,서암대로,광주광역시 동구 서암대로,1,0,0,0,1,35.16485,126.9175654
광주광역시 동구,너릿재로,광주광역시 동구 너릿재로,2,0,1,5,1,35.0902962,126.9513546
광주광역시 광산구,월곡반월로,광주광역시 광산구 월곡반월로,2,0,1,1,0,35.1688335,126.8128066
광주광역시 광산구,수등로,광주광역시 광산구 수등로,40,0,11,50,4,35.1845482,126.8264209
광주광역시 광산구,하남대로,광주광역시 광산구 하남대로,60,2,7,77,4,35.1785862,126.8227957
광주광역시 광산구,왕버들로,광주광역시 광산구 왕버들로,29,0,4,38,6,35.1993438,126.8288675
광주광역시 광산구,장덕로,광주광역시 광산구 장덕로,10,0,2,19,0,35.1960291,126.8187354
광주광역시 광산구,장신로,광주광역시 광산구 장신로,70,0,15,124,3,35.1916872,126.8309567
광주광역시 광산구,풍영로,광주광역시 광산구 풍영로,29,0,12,24,1,35.1910934,126.8140936
광주광역시 광산구,임방울대로,광주광역시 광산구 임방울대로,120,1,14,195,11,35.2007133,126.82877
광주광역시 광산구,수완로,광주광역시 광산구 수완로,26,0,2,38,0,35.1911061,126.8291905
광주광역시 광산구,목련로,광주광역시 광산구 목련로,27,0,7,39,1,35.1759919,126.8217662
광주광역시 광산구,손재로,광주광역시 광산구 손재로,20,0,6,34,0,35.1956092,126.7978503
광주광역시 광산구,용아로,광주광역시 광산구 용아로,75,2,19,97,5,35.1857652,126.8030859
광주광역시 광산구,신창로35번길,광주광역시 광산구 신창로35번길,2,0,0,1,1,35.1879232,126.8347717
광주광역시 광산구,신창로36번길,광주광역시 광산구 신창로36번길,2,0,0,1,1,35.1888281,126.8383961
광주광역시 광산구,장신로266번길,광주광역시 광산구 장신로266번길,1,0,1,0,0,35.1901282,126.8391814
광주광역시 광산구,장신로265번길,광주광역시 광산구 장신로265번길,4,0,0,7,0,35.1920988,126.8393864
광주광역시 광산구,왕버들로290번길,광주광역시 광산구 왕버들로290번길,1,0,0,1,0,35.1945547,126.8398623
광주광역시 광산구,신창로72번길,광주광역시 광산구 신창로72번길,1,0,1,0,0,35.1914695,126.8382632
광주광역시 광산구,신창로71번길,광주광역시 광산구 신창로71번길,5,0,4,5,0,35.1920883,126.8352798
광주광역시 광산구,왕버들로252번길,광주광역시 광산구 왕버들로252번길,3,0,0,3,0,35.195423,126.8356122
광주광역시 광산구,왕버들로289번길,광주광역시 광산구 왕버들로289번길,2,0,1,3,0,35.1965693,126.8412164
광주광역시 광산구,왕버들로251번길,광주광역시 광산구 왕버들로251번길,3,0,0,3,1,35.1978159,126.8375308
광주광역시 광산구,신창로162번길,광주광역시 광산구 신창로162번길,2,0,1,1,0,35.1972851,126.8429009
광주광역시 광산구,장신로305번길,광주광역시 광산구 장신로305번길,2,0,0,3,0,35.2040535,126.8966377
광주광역시 광산구,풍영로145번길,광주광역시 광산구 풍영로145번길,4,0,0,5,0,35.184232,126.8115237
광주광역시 광산구,풍영로199번길,광주광역시 광산구 풍영로199번길,1,0,0,4,0,35.1890246,126.811858
광주광역시 광산구,풍영로200번길,광주광역시 광산구 풍영로200번길,5,0,3,5,0,35.1897759,126.816393
광주광역시 광산구,풍영로229번길,광주광역시 광산구 풍영로229번길,3,0,1,4,0,35.1919759,126.8111685
광주광역시 광산구,풍영로329번길,광주광역시 광산구 풍영로329번길,5,0,0,5,0,35.2002441,126.8124075
광주광역시 광산구,풍영로330번길,광주광역시 광산구 풍영로330번길,1,0,0,1,0,35.2005725,126.8167664
광주광역시 광산구,사암로,광주광역시 광산구 사암로,95,0,14,129,9,35.1937863,126.8158717
광주광역시 광산구,임방울대로308번길,광주광역시 광산구 임방울대로308번길,4,0,0,5,0,35.2152145,126.8461342
광주광역시 광산구,임방울대로332번길,광주광역시 광산구 임방울대로332번길,5,0,1,6,0,35.1898679,126.8253716
광주광역시 광산구,임방울대로358번길,광주광역시 광산구 임방울대로358번길,3,0,0,3,0,35.1918922,126.8254982
광주광역시 광산구,하남대로261번길,광주광역시 광산구 하남대로261번길,2,0,0,3,0,35.1812998,126.8224214
광주광역시 광산구,수등로76번길,광주광역시 광산구 수등로76번길,2,0,0,2,0,35.1824951,126.8170501
광주광역시 광산구,수등로123번길,광주광역시 광산구 수등로123번길,6,0,2,5,2,35.1855353,126.823961
광주광역시 광산구,장신로20번길,광주광역시 광산구 장신로20번길,1,0,0,1,0,35.1898631,126.8125191
광주광역시 광산구,장신로20번안길,광주광역시 광산구 장신로20번안길,1,0,0,1,0,35.1900953,126.8119102
광주광역시 광산구,장신로82번길,광주광역시 광산구 장신로82번길,5,0,1,6,0,35.1878953,126.8197789
광주광역시 광산구,수완로33번길,광주광역시 광산구 수완로33번길,2,0,0,3,0,35.1884072,126.8259842
광주광역시 광산구,수완로49번길,광주광역시 광산구 수완로49번길,1,0,0,2,0,35.1897097,126.8273833
광주광역시 광산구,수완로12번길,광주광역시 광산구 수완로12번길,2,0,0,3,0,35.1868579,126.8309074
광주광역시 광산구,수완로106번길,광주광역시 광산구 수완로106번길,3,0,0,4,0,35.1941801,126.8317229
광주광역시 광산구,왕버들로132번길,광주광역시 광산구 왕버들로132번길,2,0,0,2,0,35.2009666,126.822333
광주광역시 광산구,장덕로137번길,광주광역시 광산구 장덕로137번길,1,0,0,1,0,35.19935,126.8224749
광주광역시 광산구,장덕로95번길,광주광역시 광산구 장덕로95번길,1,0,0,1,0,35.1971249,126.8193693
광주광역시 광산구,장덕로6번길,광주광역시 광산구 장덕로6번길,2,0,0,2,0,35.1942824,126.8114418
광주광역시 광산구,장덕로5번길,광주광역시 광산구 장덕로5번길,1,0,0,1,0,35.1674969,126.8029039
광주광역시 광산구,풍영로229번안길,광주광역시 광산구 풍영로229번안길,1,0,0,2,0,35.1932908,126.8128978
광주광역시 광산구,사암로383번길,광주광역시 광산구 사암로383번길,2,0,1,1,0,35.1733663,126.8081967
광주광역시 광산구,손재로110번길,광주광역시 광산구 손재로110번길,5,0,0,6,2,35.1761034,126.7986866
광주광역시 광산구,용아로297번길,광주광역시 광산구 용아로297번길,2,0,0,4,0,35.1857652,126.8030859
광주광역시 광산구,용아로379번길,광주광역시 광산구 용아로379번길,11,0,1,17,0,35.1763997,126.8013542
광주광역시 광산구,용아로380번길,광주광역시 광산구 용아로380번길,3,0,2,6,0,35.1640543,126.9171547
광주광역시 광산구,용아로399번길,광주광역시 광산구 용아로399번길,2,0,0,5,0,35.1773442,126.8025071
광주광역시 광산구,용아로400번길,광주광역시 광산구 용아로400번길,1,0,1,3,0,35.1788701,126.806923
광주광역시 광산구,신창로,광주광역시 광산구 신창로,39,0,4,60,2,35.191534,126.8378028
광주광역시 광산구,신창로105번길,광주광역시 광산구 신창로105번길,1,0,0,1,0,35.1951816,126.8368451
광주광역시 광산구,신창로105번길,광주광역시 광산구 신창로105번길,1,0,0,1,0,35.1951816,126.8368451
광주광역시 광산구,신창로105번길,광주광역시 광산구 신창로105번길,1,0,0,2,0,35.1951816,126.8368451
광주광역시 광산구,신창로138번길,광주광역시 광산구 신창로138번길,1,0,0,1,1,35.1967017,126.8399934
광주광역시 광산구,목련로21번길,광주광역시 광산구 목련로21번길,2,0,0,2,0,35.1749034,126.7989144
광주광역시 광산구,목련로22번길,광주광역시 광산구 목련로22번길,1,0,1,0,0,35.1713195,126.800482
광주광역시 광산구,하남대로54번길,광주광역시 광산구 하남대로54번길,2,0,0,2,0,35.1783107,126.7994799
광주광역시 광산구,하남대로54번안길,광주광역시 광산구 하남대로54번안길,2,0,1,2,0,35.1774073,126.7984733
광주광역시 광산구,첨단과기로,광주광역시 광산구 첨단과기로,12,0,3,17,2,35.2243039,126.8339153
광주광역시 광산구,송정로,광주광역시 광산구 송정로,20,0,1,27,10,35.1347951,126.7971501
광주광역시 광산구,송도로,광주광역시 광산구 송도로,24,0,4,35,2,35.1336421,126.7953893
광주광역시 광산구,용보로,광주광역시 광산구 용보로,2,0,0,2,1,35.136581,126.8013182
광주광역시 광산구,상무대로,광주광역시 광산구 상무대로,89,3,16,116,6,35.1381805,126.7982397
광주광역시 광산구,광산로,광주광역시 광산구 광산로,9,0,0,7,3,35.1398764,126.796842
광주광역시 광산구,내상로,광주광역시 광산구 내상로,17,2,3,13,0,35.1376914,126.7984767
광주광역시 광산구,송정로1번길,광주광역시 광산구 송정로1번길,4,0,1,3,0,35.1388815,126.7936688
광주광역시 광산구,도산로,광주광역시 광산구 도산로,4,0,1,3,0,35.1314718,126.7907687
광주광역시 광산구,광산로29번길,광주광역시 광산구 광산로29번길,1,0,0,3,0,35.1394541,126.7945699
광주광역시 광산구,광산로78번길,광주광역시 광산구 광산로78번길,1,0,0,1,0,35.1401918,126.8002025
광주광역시 광산구,내상로33번길,광주광역시 광산구 내상로33번길,3,0,3,1,0,35.1403386,126.7994021
광주광역시 광산구,도산로9번길,광주광역시 광산구 도산로9번길,2,0,0,2,1,35.1279086,126.78999
광주광역시 광산구,남동길48번길,광주광역시 광산구 남동길48번길,2,0,0,2,0,35.1302407,126.7903477
광주광역시 광산구,남동길30번길,광주광역시 광산구 남동길30번길,1,0,0,1,0,35.1296601,126.7897351
광주광역시 광산구,송정로8번길,광주광역시 광산구 송정로8번길,2,0,0,2,0,35.1350931,126.7911724
광주광역시 광산구,도산신송길,광주광역시 광산구 도산신송길,2,0,0,1,1,35.1349706,126.7934421
광주광역시 광산구,송도로182번길,광주광역시 광산구 송도로182번길,2,0,1,0,1,35.1291549,126.7954585
광주광역시 광산구,사암로106번길,광주광역시 광산구 사암로106번길,5,0,1,7,0,35.1540524,126.8112045
광주광역시 광산구,사암로172번길,광주광역시 광산구 사암로172번길,1,0,0,1,0,35.1592932,126.811225
광주광역시 광산구,사암로171번길,광주광역시 광산구 사암로171번길,4,0,0,6,0,35.1602546,126.8038835
광주광역시 광산구,무진대로,광주광역시 광산구 무진대로,40,0,6,78,2,35.160897,126.8001512
광주광역시 광산구,금봉로,광주광역시 광산구 금봉로,5,1,1,3,0,35.1507335,126.8075717
광주광역시 광산구,우산로,광주광역시 광산구 우산로,8,0,3,7,0,35.1569719,126.8098366
광주광역시 광산구,본동로,광주광역시 광산구 본동로,1,0,1,1,1,35.1803028,126.6862395
광주광역시 광산구,우산로95번길,광주광역시 광산구 우산로95번길,8,0,0,13,0,35.1583483,126.8113098
광주광역시 광산구,삼도로,광주광역시 광산구 삼도로,4,0,1,8,0,35.1609531,126.6977311
광주광역시 광산구,어등대로,광주광역시 광산구 어등대로,41,0,7,67,4,35.1485786,126.782943
광주광역시 광산구,영광로,광주광역시 광산구 영광로,2,0,0,4,0,35.16189,126.6917533
광주광역시 광산구,소촌로,광주광역시 광산구 소촌로,10,0,2,13,0,35.1526321,126.7920339
광주광역시 광산구,어등대로595번길,광주광역시 광산구 어등대로595번길,1,0,0,1,0,35.1529271,126.7870301
광주광역시 광산구,소촌로149번길,광주광역시 광산구 소촌로149번길,2,0,1,1,0,35.1590705,126.7886264
광주광역시 광산구,소촌로152번길,광주광역시 광산구 소촌로152번길,11,0,2,15,1,35.1582953,126.7955147
광주광역시 광산구,어등대로647번길,광주광역시 광산구 어등대로647번길,2,0,0,4,0,35.145867,126.7935737
광주광역시 광산구,어등대로648번길,광주광역시 광산구 어등대로648번길,2,0,1,1,0,35.1454901,126.7850708
광주광역시 광산구,동곡로,광주광역시 광산구 동곡로,72,0,8,133,4,35.1133325,126.7771562
광주광역시 광산구,무진대로212번길,광주광역시 광산구 무진대로212번길,1,0,0,2,0,35.160734,126.8042736
광주광역시 광산구,무진대로211번길,광주광역시 광산구 무진대로211번길,5,0,0,5,0,35.1632166,126.803364
광주광역시 광산구,무진대로231번길,광주광역시 광산구 무진대로231번길,6,0,1,8,1,35.163003,126.8062756
광주광역시 광산구,사암로216번길,광주광역시 광산구 사암로216번길,3,0,0,5,0,35.162917,126.8096544
광주광역시 광산구,평동로,광주광역시 광산구 평동로,16,0,2,26,0,35.1293073,126.7463236
광주광역시 광산구,평동로913번길,광주광역시 광산구 평동로913번길,2,0,0,3,0,35.129016,126.7739351
광주광역시 광산구,평동로803번길,광주광역시 광산구 평동로803번길,3,0,0,3,1,35.133356,126.760357
광주광역시 광산구,평동로803번안길,광주광역시 광산구 평동로803번안길,3,0,0,3,1,35.130116,126.7561952
광주광역시 광산구,평동산단2번로,광주광역시 광산구 평동산단2번로,2,0,0,1,1,35.133521,126.7645322
광주광역시 광산구,평동산단3번로,광주광역시 광산구 평동산단3번로,2,0,0,2,1,35.1302765,126.7605016
광주광역시 광산구,사암로27번길,광주광역시 광산구 사암로27번길,2,0,0,2,1,35.1457794,126.8054681
광주광역시 광산구,평동산단로,광주광역시 광산구 평동산단로,2,0,2,1,0,35.1221039,126.7694646
광주광역시 광산구,신가로,광주광역시 광산구 신가로,3,0,0,3,0,35.1813646,126.8272291
광주광역시 광산구,신가번영로24번길,광주광역시 광산구 신가번영로24번길,2,0,0,2,0,35.1803805,126.8250822
광주광역시 광산구,신가로40번길,광주광역시 광산구 신가로40번길,1,0,0,1,0,35.1837551,126.829296
광주광역시 광산구,목련로273번길,광주광역시 광산구 목련로273번길,9,0,1,14,1,35.1772237,126.8253839
광주광역시 광산구,목련로273번안길,광주광역시 광산구 목련로273번안길,3,0,1,7,0,35.177043,126.8220766
광주광역시 광산구,목련로253번길,광주광역시 광산구 목련로253번길,3,0,1,4,0,35.1753064,126.8212554
광주광역시 광산구,신가삼효로,광주광역시 광산구 신가삼효로,1,0,0,1,0,35.1859877,126.8345206
광주광역시 광산구,목련로394번길,광주광역시 광산구 목련로394번길,2,0,0,6,0,35.183933,126.8339405
광주광역시 광산구,목련로382번길,광주광역시 광산구 목련로382번길,2,0,0,3,0,35.1813326,126.8360827
광주광역시 광산구,목련로381번길,광주광역시 광산구 목련로381번길,1,0,0,1,0,35.1826188,126.8315072
광주광역시 광산구,수등로258번길,광주광역시 광산구 수등로258번길,5,0,1,4,0,35.1835905,126.8393094
광주광역시 광산구,목련로382번안길,광주광역시 광산구 목련로382번안길,1,0,1,1,0,35.1806326,126.836106
광주광역시 광산구,첨단중앙로,광주광역시 광산구 첨단중앙로,43,0,5,60,6,35.2150262,126.8417494
광주광역시 광산구,첨단강변로,광주광역시 광산구 첨단강변로,28,0,7,40,3,35.214232,126.8523888
광주광역시 광산구,첨단월봉로,광주광역시 광산구 첨단월봉로,23,0,6,42,0,35.2067248,126.8480855
광주광역시 광산구,산월로,광주광역시 광산구 산월로,11,0,1,15,1,35.2084633,126.843015
광주광역시 광산구,월계로,광주광역시 광산구 월계로,20,0,1,24,2,35.2106828,126.8357128
광주광역시 광산구,첨단내촌로,광주광역시 광산구 첨단내촌로,8,0,0,14,0,35.2107412,126.8359935
광주광역시 광산구,월계로16번길,광주광역시 광산구 월계로16번길,1,0,0,2,0,35.2093226,126.8349348
광주광역시 광산구,월계로34번길,광주광역시 광산구 월계로34번길,1,0,0,1,0,35.2102194,126.8337242
광주광역시 광산구,산월로41번길,광주광역시 광산구 산월로41번길,1,0,0,1,0,35.2094289,126.8414703
광주광역시 광산구,산월로21번길,광주광역시 광산구 산월로21번길,1,0,0,1,0,35.2098552,126.8397029
광주광역시 광산구,산월로9번길,광주광역시 광산구 산월로9번길,2,0,0,2,0,35.2099763,126.8384704
광주광역시 광산구,첨단내촌로70번길,광주광역시 광산구 첨단내촌로70번길,3,0,0,3,1,35.2128346,126.8393349
광주광역시 광산구,첨단중앙로47번길,광주광역시 광산구 첨단중앙로47번길,2,0,1,1,0,35.2096585,126.8417082
광주광역시 광산구,첨단중앙로67번길,광주광역시 광산구 첨단중앙로67번길,2,0,0,2,0,35.2113804,126.8413667
광주광역시 광산구,첨단중앙로68번길,광주광역시 광산구 첨단중앙로68번길,5,0,0,7,1,35.2113641,126.8482948
광주광역시 광산구,첨단중앙로106번길,광주광역시 광산구 첨단중앙로106번길,5,0,0,3,3,35.2152251,126.8455056
광주광역시 광산구,첨단중앙로116번길,광주광역시 광산구 첨단중앙로116번길,3,0,0,4,0,35.215818,126.844208
광주광역시 광산구,첨단중앙로124번길,광주광역시 광산구 첨단중앙로124번길,1,0,0,1,0,35.2165529,126.8443096
광주광역시 광산구,첨단강변로99번길,광주광역시 광산구 첨단강변로99번길,6,0,0,9,0,35.2155921,126.850426
광주광역시 광산구,임방울대로826번길,광주광역시 광산구 임방울대로826번길,7,0,4,3,0,35.215784,126.8485377
광주광역시 광산구,임방울대로800번길,광주광역시 광산구 임방울대로800번길,12,0,0,15,3,35.2152145,126.8461342
광주광역시 광산구,첨단중앙로152번길,광주광역시 광산구 첨단중앙로152번길,8,0,2,9,0,35.2192722,126.8450177
광주광역시 광산구,첨단중앙로170번길,광주광역시 광산구 첨단중앙로170번길,3,0,0,3,0,35.2207715,126.844426
광주광역시 광산구,임방울대로801번길,광주광역시 광산구 임방울대로801번길,11,0,2,19,0,35.2200335,126.8456833
광주광역시 광산구,첨단중앙로182번길,광주광역시 광산구 첨단중앙로182번길,5,0,3,4,0,35.2215828,126.8447106
광주광역시 광산구,첨단중앙로181번길,광주광역시 광산구 첨단중앙로181번길,2,0,0,4,0,35.2204651,126.8356403
광주광역시 광산구,비아중앙로,광주광역시 광산구 비아중앙로,4,0,2,3,0,35.2239242,126.8251488
광주광역시 광산구,사암로215번길,광주광역시 광산구 사암로215번길,10,0,1,13,0,35.1637667,126.8052214
광주광역시 광산구,극락둑길,광주광역시 광산구 극락둑길,2,0,1,5,0,35.1205205,126.7896965
광주광역시 광산구,극락둑길,광주광역시 광산구 극락둑길,2,0,0,2,0,35.1205205,126.7896965
광주광역시 광산구,임곡로,광주광역시 광산구 임곡로,6,0,3,3,0,35.2149855,126.7862329
광주광역시 광산구,비아로,광주광역시 광산구 비아로,3,0,1,3,0,35.2213071,126.8192578
광주광역시 광산구,비아로12번길,광주광역시 광산구 비아로12번길,1,0,0,2,0,35.2217673,126.8231646
광주광역시 광산구,오운로,광주광역시 광산구 오운로,1,0,1,1,0,35.1592753,126.6951871
광주광역시 광산구,박호등임로,광주광역시 광산구 박호등임로,1,0,1,0,0,35.1778297,126.7522603
광주광역시 광산구,평동로1106번길,광주광역시 광산구 평동로1106번길,1,0,0,0,1,35.1344308,126.7861679
광주광역시 광산구,동곡로185번길,광주광역시 광산구 동곡로185번길,1,0,1,0,0,35.1052699,126.7650708
광주광역시 광산구,동곡로212번길,광주광역시 광산구 동곡로212번길,1,0,0,0,1,35.1013824,126.7896078
광주광역시 광산구,비아중앙로31번길,광주광역시 광산구 비아중앙로31번길,1,0,0,1,0,35.2219147,126.8240093
광주광역시 광산구,비아동원촌길,광주광역시 광산구 비아동원촌길,1,0,1,0,0,35.2212848,126.8272498
광주광역시 광산구,비아로62번길,광주광역시 광산구 비아로62번길,1,0,0,2,0,35.2211265,126.8181477
광주광역시 광산구,평동월곡길,광주광역시 광산구 평동월곡길,1,0,1,0,0,35.1167673,126.7101572
광주광역시 광산구,상완길,광주광역시 광산구 상완길,1,0,0,1,0,35.2058004,126.8288292
광주광역시 광산구,하남산단10번로,광주광역시 광산구 하남산단10번로,1,0,0,1,0,35.2156255,126.8077807
광주광역시 광산구,하남산단9번로,광주광역시 광산구 하남산단9번로,2,0,0,2,1,35.212867,126.8099307
광주광역시 광산구,하남산단8번로,광주광역시 광산구 하남산단8번로,4,0,2,6,0,35.2090533,126.8075165
광주광역시 광산구,하남산단7번로,광주광역시 광산구 하남산단7번로,1,0,0,3,0,35.2064488,126.8034604
광주광역시 광산구,하남산단6번로,광주광역시 광산구 하남산단6번로,8,0,1,10,0,35.2021046,126.799823
광주광역시 광산구,하남산단5번로,광주광역시 광산구 하남산단5번로,10,0,3,12,1,35.1969466,126.8010243
광주광역시 광산구,하남산단3번로,광주광역시 광산구 하남산단3번로,2,0,0,2,0,35.1894512,126.804999
광주광역시 광산구,하남산단2번로,광주광역시 광산구 하남산단2번로,1,0,0,2,0,35.1869765,126.8043859
광주광역시 광산구,하남산단1번로,광주광역시 광산구 하남산단1번로,5,0,0,8,0,35.1856903,126.8035412
광주광역시 광산구,하남산단4번로,광주광역시 광산구 하남산단4번로,3,0,1,4,0,35.1933039,126.8049698
광주광역시 광산구,무진대로,광주광역시 광산구 무진대로,1,0,2,7,0,35.160897,126.8001512
광주광역시 광산구,북문대로,광주광역시 광산구 북문대로,42,0,12,70,4,35.2055116,126.8393147
광주광역시 광산구,고봉로,광주광역시 광산구 고봉로,14,0,7,15,2,35.2125948,126.7616504
광주광역시 광산구,상무대로419번길,광주광역시 광산구 상무대로419번길,4,0,1,12,0,35.1508342,126.8168745
광주광역시 광산구,극락둑길,광주광역시 광산구 극락둑길,1,0,1,0,0,35.1205205,126.7896965
광주광역시 광산구,하남대로,광주광역시 광산구 하남대로,1,0,0,1,0,35.1785862,126.8227957
광주광역시 광산구,산정공원로,광주광역시 광산구 산정공원로,3,0,1,2,0,35.1735209,126.8065907
광주광역시 광산구,목련로153번길,광주광역시 광산구 목련로153번길,6,0,1,6,0,35.1748334,126.8149625
광주광역시 광산구,월곡산정로,광주광역시 광산구 월곡산정로,18,0,3,20,1,35.1653896,126.8090227
광주광역시 광산구,산정로,광주광역시 광산구 산정로,3,0,0,3,0,35.1696692,126.8042308
광주광역시 광산구,월곡중앙로,광주광역시 광산구 월곡중앙로,5,0,2,4,0,35.1691572,126.8112796
광주광역시 광산구,월곡로,광주광역시 광산구 월곡로,8,0,0,11,1,35.1686319,126.8137806
광주광역시 광산구,산정공원로82번길,광주광역시 광산구 산정공원로82번길,5,0,0,8,3,35.1749297,126.8075564
광주광역시 광산구,산정공원로81번길,광주광역시 광산구 산정공원로81번길,1,0,1,0,0,35.1752658,126.8054665
광주광역시 광산구,산정공원로94번길,광주광역시 광산구 산정공원로94번길,2,0,1,1,0,35.1757853,126.8075987
광주광역시 광산구,산정공원로93번길,광주광역시 광산구 산정공원로93번길,1,0,1,0,0,35.1761857,126.8054843
광주광역시 광산구,월곡중앙로47번길,광주광역시 광산구 월곡중앙로47번길,1,0,0,2,0,35.1706743,126.810258
광주광역시 광산구,월곡중앙로53번길,광주광역시 광산구 월곡중앙로53번길,3,0,0,3,0,35.1712761,126.8106011
광주광역시 광산구,풍영철길로,광주광역시 광산구 풍영철길로,6,0,0,23,1,35.1689457,126.8219585
광주광역시 광산구,우산천변길,광주광역시 광산구 우산천변길,9,0,2,12,0,35.1520201,126.8230438
광주광역시 광산구,사암로340번길,광주광역시 광산구 사암로340번길,2,0,0,2,0,35.1749085,126.810369
광주광역시 광산구,사암로340번안길,광주광역시 광산구 사암로340번안길,1,0,0,1,0,35.1760306,126.810811
광주광역시 광산구,임곡상촌길,광주광역시 광산구 임곡상촌길,2,0,2,0,0,35.2325519,126.728686
광주광역시 광산구,고봉로506번길,광주광역시 광산구 고봉로506번길,1,0,0,2,0,35.2042499,126.770343
광주광역시 광산구,용진로,광주광역시 광산구 용진로,1,0,0,2,0,35.1824909,126.7257601
광주광역시 광산구,여대길,광주광역시 광산구 여대길,1,0,0,0,1,35.161641,126.7990203
광주광역시 광산구,북문대로419번길,광주광역시 광산구 북문대로419번길,2,0,0,4,0,35.1927797,126.8474167
광주광역시 광산구,신창로36번안길,광주광역시 광산구 신창로36번안길,1,0,0,1,0,35.1879184,126.8389582
광주광역시 광산구,풍영정길,광주광역시 광산구 풍영정길,1,0,0,3,0,35.1885006,126.8526452
광주광역시 광산구,풍영정길,광주광역시 광산구 풍영정길,5,0,1,8,1,35.1885006,126.8526452
광주광역시 광산구,우산로96번길,광주광역시 광산구 우산로96번길,3,0,0,5,0,35.1538819,126.8105987
광주광역시 광산구,송도로85번길,광주광역시 광산구 송도로85번길,1,1,0,0,0,35.1272537,126.7862217
광주광역시 광산구,내상로,광주광역시 광산구 내상로,1,0,0,1,0,35.1376914,126.7984767
광주광역시 광산구,평동로803번안길,광주광역시 광산구 평동로803번안길,1,0,0,1,0,35.130116,126.7561952
광주광역시 광산구,송도로182번길,광주광역시 광산구 송도로182번길,3,0,0,5,0,35.1291549,126.7954585
광주광역시 광산구,사암로106번길,광주광역시 광산구 사암로106번길,1,0,0,2,0,35.1540524,126.8112045
광주광역시 광산구,산정로6번길,광주광역시 광산구 산정로6번길,1,0,0,1,0,35.167417,126.8042409
광주광역시 광산구,월곡중앙로,광주광역시 광산구 월곡중앙로,1,0,0,1,0,35.1691572,126.8112796
광주광역시 광산구,건재로,광주광역시 광산구 건재로,2,0,0,5,0,35.0815671,126.7664744
광주광역시 광산구,하남산단3번로,광주광역시 광산구 하남산단3번로,1,0,0,1,0,35.1894512,126.804999
광주광역시 광산구,용아로,광주광역시 광산구 용아로,1,0,0,4,0,35.1857652,126.8030859
광주광역시 광산구,하남산단3번로,광주광역시 광산구 하남산단3번로,1,0,0,1,0,35.1894512,126.804999
광주광역시 광산구,사암로216번길,광주광역시 광산구 사암로216번길,6,0,2,6,0,35.162917,126.8096544
광주광역시 광산구,월곡산정로,광주광역시 광산구 월곡산정로,1,0,0,2,0,35.1653896,126.8090227
광주광역시 광산구,첨단내촌로35번길,광주광역시 광산구 첨단내촌로35번길,2,0,0,5,0,35.2100478,126.8362944
광주광역시 광산구,월계로34번길,광주광역시 광산구 월계로34번길,1,0,1,0,0,35.2102194,126.8337242
광주광역시 광산구,신가삼효로,광주광역시 광산구 신가삼효로,1,0,0,1,0,35.1859877,126.8345206
광주광역시 광산구,목련로394번길,광주광역시 광산구 목련로394번길,1,0,0,1,0,35.183933,126.8339405
광주광역시 광산구,임방울대로825번길,광주광역시 광산구 임방울대로825번길,1,0,0,1,0,35.2201069,126.8492019
광주광역시 광산구,임방울대로825번길,광주광역시 광산구 임방울대로825번길,2,0,0,2,0,35.2201069,126.8492019
광주광역시 광산구,첨단중앙로152번길,광주광역시 광산구 첨단중앙로152번길,1,0,0,1,0,35.2192722,126.8450177
광주광역시 광산구,첨단중앙로152번길,광주광역시 광산구 첨단중앙로152번길,1,0,0,1,0,35.2192722,126.8450177
광주광역시 광산구,첨단중앙로152번길,광주광역시 광산구 첨단중앙로152번길,1,0,0,1,0,35.2192722,126.8450177
광주광역시 광산구,임방울대로801번길,광주광역시 광산구 임방울대로801번길,1,0,0,2,0,35.2200335,126.8456833
광주광역시 광산구,첨단중앙로170번길,광주광역시 광산구 첨단중앙로170번길,1,0,0,1,0,35.2207715,126.844426
광주광역시 광산구,첨단중앙로124번길,광주광역시 광산구 첨단중앙로124번길,1,0,1,0,0,35.2165529,126.8443096
광주광역시 광산구,비아로147번길,광주광역시 광산구 비아로147번길,1,0,0,3,0,35.223495,126.8213365
광주광역시 광산구,사암로340번안길,광주광역시 광산구 사암로340번안길,1,0,0,0,1,35.1760306,126.810811
광주광역시 광산구,임방울대로,광주광역시 광산구 임방울대로,2,0,1,1,0,35.2007133,126.82877
광주광역시 광산구,무진대로231번길,광주광역시 광산구 무진대로231번길,1,0,0,1,0,35.163003,126.8062756
광주광역시 광산구,월계로,광주광역시 광산구 월계로,7,0,2,6,1,35.2106828,126.8357128
광주광역시 광산구,월계로,광주광역시 광산구 월계로,1,0,0,1,0,35.2106828,126.8357128
광주광역시 광산구,첨단중앙로106번길,광주광역시 광산구 첨단중앙로106번길,1,0,0,1,0,35.2152251,126.8455056
광주광역시 광산구,임방울대로800번길,광주광역시 광산구 임방울대로800번길,1,0,0,1,0,35.2152145,126.8461342
광주광역시 광산구,목련로2번길,광주광역시 광산구 목련로2번길,1,0,0,0,1,35.1720087,126.799031
광주광역시 광산구,첨단중앙로152번길,광주광역시 광산구 첨단중앙로152번길,1,0,0,1,0,35.2192722,126.8450177
광주광역시 광산구,임방울대로,광주광역시 광산구 임방울대로,4,0,0,6,0,35.2007133,126.82877
광주광역시 광산구,임방울대로,광주광역시 광산구 임방울대로,4,0,0,6,2,35.2007133,126.82877
광주광역시 광산구,하남대로,광주광역시 광산구 하남대로,2,0,0,3,0,35.1785862,126.8227957
광주광역시 광산구,첨단중앙로182번길,광주광역시 광산구 첨단중앙로182번길,1,0,0,1,0,35.2215828,126.8447106
광주광역시 광산구,첨단중앙로181번길,광주광역시 광산구 첨단중앙로181번길,3,0,1,5,0,35.2204651,126.8356403
광주광역시 광산구,목련로,광주광역시 광산구 목련로,1,0,0,1,0,35.1759919,126.8217662
광주광역시 광산구,무진대로231번길,광주광역시 광산구 무진대로231번길,2,0,0,4,1,35.163003,126.8062756
광주광역시 광산구,수등로258번길,광주광역시 광산구 수등로258번길,1,0,0,1,0,35.1835905,126.8393094
광주광역시 광산구,신창로,광주광역시 광산구 신창로,3,0,0,4,0,35.191534,126.8378028
광주광역시 광산구,수등로258번길,광주광역시 광산구 수등로258번길,1,0,0,1,0,35.1835905,126.8393094
광주광역시 광산구,소촌로123번길,광주광역시 광산구 소촌로123번길,1,0,1,0,0,35.1558198,126.7896934
광주광역시 광산구,사암로,광주광역시 광산구 사암로,1,0,0,0,1,35.1937863,126.8158717
광주광역시 광산구,신창로72번길,광주광역시 광산구 신창로72번길,1,0,0,1,0,35.1914695,126.8382632
광주광역시 광산구,무진대로,광주광역시 광산구 무진대로,2,0,0,6,0,35.160897,126.8001512
광주광역시 광산구,신흥동길,광주광역시 광산구 신흥동길,1,0,0,1,0,35.1449703,126.8013003
광주광역시 광산구,장신로50번길,광주광역시 광산구 장신로50번길,1,0,0,1,0,35.1901157,126.815654
광주광역시 광산구,장신로64번길,광주광역시 광산구 장신로64번길,1,0,0,1,0,35.1505933,126.7941264
광주광역시 광산구,수등로76번길,광주광역시 광산구 수등로76번길,1,0,0,1,0,35.1824951,126.8170501
광주광역시 광산구,수등로94번길,광주광역시 광산구 수등로94번길,2,0,0,4,0,35.1819147,126.8188491
광주광역시 광산구,수완로9번길,광주광역시 광산구 수완로9번길,1,0,0,1,0,35.1854451,126.8273106
광주광역시 광산구,임방울대로332번길,광주광역시 광산구 임방울대로332번길,3,0,2,3,0,35.1898679,126.8253716
광주광역시 광산구,풍영로170번길,광주광역시 광산구 풍영로170번길,1,0,0,1,0,35.1879884,126.8164804
광주광역시 광산구,상무대로,광주광역시 광산구 상무대로,5,0,3,7,1,35.1381805,126.7982397
광주광역시 광산구,풍영로,광주광역시 광산구 풍영로,1,0,1,1,0,35.1910934,126.8140936
광주광역시 광산구,평동산단6번로,광주광역시 광산구 평동산단6번로,2,1,0,1,0,35.1155008,126.7714977
광주광역시 광산구,평동옥동로,광주광역시 광산구 평동옥동로,2,0,1,2,0,35.1142215,126.7659246
광주광역시 광산구,평동산단5번좌로,광주광역시 광산구 평동산단5번좌로,4,0,5,3,0,35.1220317,126.7739055
광주광역시 광산구,평동산단5번우로,광주광역시 광산구 평동산단5번우로,2,0,1,2,0,35.116025,126.7682197
광주광역시 광산구,원두로,광주광역시 광산구 원두로,2,0,0,4,0,35.1231733,126.772205
광주광역시 광산구,월전로,광주광역시 광산구 월전로,1,0,0,1,0,35.1220968,126.7765712
광주광역시 광산구,2순환로,광주광역시 광산구 2순환로,28,0,8,41,2,35.1630615,126.828594
광주광역시 광산구,수완로74번길,광주광역시 광산구 수완로74번길,1,0,0,1,0,35.1917233,126.8304968
광주광역시 광산구,수완로73번길,광주광역시 광산구 수완로73번길,1,0,0,4,0,35.1927406,126.8271891
광주광역시 광산구,수완로73번길,광주광역시 광산구 수완로73번길,1,0,0,1,0,35.1927406,126.8271891
광주광역시 광산구,장신로147번길,광주광역시 광산구 장신로147번길,2,0,0,2,0,35.1914903,126.8260232
광주광역시 광산구,체암로,광주광역시 광산구 체암로,1,0,0,2,0,35.1486114,126.6578117
광주광역시 광산구,앰코로,광주광역시 광산구 앰코로,8,0,0,12,2,35.2200218,126.8522411
광주광역시 광산구,임방울대로825번길,광주광역시 광산구 임방울대로825번길,2,0,1,3,1,35.2201069,126.8492019
광주광역시 광산구,고봉로,광주광역시 광산구 고봉로,1,1,0,1,0,35.2125948,126.7616504
광주광역시 광산구,선운중앙로,광주광역시 광산구 선운중앙로,8,0,4,7,0,35.1464901,126.7794139
광주광역시 광산구,선운로,광주광역시 광산구 선운로,2,0,0,2,0,35.1475283,126.7732066
광주광역시 광산구,선운로2번길,광주광역시 광산구 선운로2번길,1,0,0,1,0,35.1475283,126.7732066
광주광역시 광산구,선운로20번길,광주광역시 광산구 선운로20번길,4,0,0,6,0,35.1368466,126.795617
광주광역시 광산구,선운중앙로67번길,광주광역시 광산구 선운중앙로67번길,2,0,0,2,1,35.1444811,126.7819352
광주광역시 광산구,진곡산단3번로,광주광역시 광산구 진곡산단3번로,2,0,0,3,0,35.210749,126.781454
광주광역시 광산구,진곡산단4번로,광주광역시 광산구 진곡산단4번로,1,0,0,1,0,35.210749,126.781454
광주광역시 광산구,진곡산단5번로,광주광역시 광산구 진곡산단5번로,1,0,0,2,0,35.210749,126.781454
광주광역시 광산구,진곡산단중앙로,광주광역시 광산구 진곡산단중앙로,3,0,0,3,1,35.210749,126.781454
광주광역시 광산구,첨단중앙로182번길,광주광역시 광산구 첨단중앙로182번길,2,0,1,3,0,35.2215828,126.8447106
광주광역시 광산구,첨단과기로176번길,광주광역시 광산구 첨단과기로176번길,2,0,0,2,1,35.2237665,126.8466562
광주광역시 광산구,무안광주고속도로,광주광역시 광산구 무안광주고속도로,50,0,11,98,2,35.1265474,126.7406125
광주광역시 광산구,호남고속도로,광주광역시 광산구 호남고속도로,8,0,2,10,0,35.2031788,126.8392679
광주광역시 광산구,진곡산단2번로,광주광역시 광산구 진곡산단2번로,1,0,1,1,0,35.133521,126.7645322
광주광역시 광산구,빛가람장성로,광주광역시 광산구 빛가람장성로,8,0,1,20,0,35.1485786,126.782943
광주광역시 광산구,하남진곡산단로,광주광역시 광산구 하남진곡산단로,17,1,4,28,0,35.2064318,126.787656
광주광역시 광산구,하남울로,광주광역시 광산구 하남울로,1,0,1,2,0,35.1670275,126.8043189
광주광역시 광산구,첨단과기로,광주광역시 광산구 첨단과기로,1,0,0,1,0,35.2243039,126.8339153
광주광역시 광산구,호남고속도로,광주광역시 광산구 호남고속도로,2,0,1,3,0,35.2031788,126.8392679
광주광역시 광산구,선운강변길,광주광역시 광산구 선운강변길,2,0,0,2,0,35.1475283,126.7732066
광주광역시 남구,포충로,광주광역시 남구 포충로,9,0,4,11,2,35.0807982,126.8376827
광주광역시 남구,유안초등북길,광주광역시 남구 유안초등북길,4,0,0,10,0,35.1278194,126.9142348
광주광역시 남구,독립로,광주광역시 남구 독립로,37,0,5,47,3,35.1407771,126.9025521
광주광역시 남구,회재로,광주광역시 남구 회재로,4,0,1,5,0,35.1154398,126.8698971
광주광역시 남구,오방로,광주광역시 남구 오방로,4,0,0,7,0,35.1305645,126.9195702
광주광역시 남구,송암로,광주광역시 남구 송암로,18,0,3,21,0,35.110527,126.8754398
광주광역시 남구,군분로,광주광역시 남구 군분로,14,0,2,17,0,35.1408154,126.8913301
광주광역시 남구,화산로,광주광역시 남구 화산로,6,0,0,9,0,35.1136046,126.9037801
광주광역시 남구,백양로,광주광역시 남구 백양로,9,0,2,7,1,35.1351775,126.9112699
광주광역시 남구,정율성로,광주광역시 남구 정율성로,3,0,0,3,0,35.1371683,126.9175554
광주광역시 남구,제중로,광주광역시 남구 제중로,4,0,3,2,0,35.1399738,126.911718
광주광역시 남구,봉선로,광주광역시 남구 봉선로,38,1,10,43,1,35.127081,126.9073946
광주광역시 남구,효우로,광주광역시 남구 효우로,16,0,6,15,2,35.1041571,126.9030091
광주광역시 남구,노대실로,광주광역시 남구 노대실로,2,0,2,1,0,35.1047354,126.9061778
광주광역시 남구,효우로93번길,광주광역시 남구 효우로93번길,1,0,1,0,0,35.1053766,126.9053576
광주광역시 남구,효우로60번길,광주광역시 남구 효우로60번길,3,0,0,8,0,35.1085083,126.9018981
광주광역시 남구,중앙로,광주광역시 남구 중앙로,26,1,3,58,2,35.1447337,126.9055087
광주광역시 남구,월산로,광주광역시 남구 월산로,13,0,5,10,0,35.1450128,126.8985509
광주광역시 남구,효덕로,광주광역시 남구 효덕로,20,0,5,24,1,35.10465,126.8999524
광주광역시 남구,양림로,광주광역시 남구 양림로,7,1,1,6,0,35.1361868,126.9129054
광주광역시 남구,백서로,광주광역시 남구 백서로,6,0,0,8,0,35.1379934,126.9132846
광주광역시 남구,구성로,광주광역시 남구 구성로,7,0,1,11,1,35.1505506,126.9027848
광주광역시 남구,대남대로,광주광역시 남구 대남대로,124,1,26,160,3,35.1388133,126.901718
광주광역시 남구,월산로151번길,광주광역시 남구 월산로151번길,2,0,0,2,0,35.1508232,126.8948264
광주광역시 남구,서문대로,광주광역시 남구 서문대로,110,0,12,170,4,35.1137562,126.8905454
광주광역시 남구,백운로,광주광역시 남구 백운로,9,0,4,8,2,35.1390275,126.9072605
광주광역시 남구,수박등로,광주광역시 남구 수박등로,3,0,0,3,1,35.1427513,126.8964702
광주광역시 남구,금당로,광주광역시 남구 금당로,10,0,0,12,1,35.1222275,126.8960092
광주광역시 남구,봉선1로,광주광역시 남구 봉선1로,10,0,4,6,1,35.1274886,126.9126543
광주광역시 남구,제석로,광주광역시 남구 제석로,6,0,0,7,0,35.1207747,126.9071242
광주광역시 남구,방림로,광주광역시 남구 방림로,3,0,1,3,1,35.1342717,126.9196241
광주광역시 남구,대남대로203번길,광주광역시 남구 대남대로203번길,1,0,0,0,1,35.1323155,126.9032382
광주광역시 남구,대남대로159번길,광주광역시 남구 대남대로159번길,1,0,0,1,0,35.1316866,126.9078315
광주광역시 남구,대남대로149번길,광주광역시 남구 대남대로149번길,4,0,0,14,0,35.1327473,126.9087441
광주광역시 남구,대남대로117번길,광주광역시 남구 대남대로117번길,3,0,1,2,0,35.1322359,126.9125419
광주광역시 남구,대남대로107번길,광주광역시 남구 대남대로107번길,1,0,0,1,0,35.1325017,126.9136099
광주광역시 남구,진다리로,광주광역시 남구 진다리로,2,0,1,1,0,35.1369708,126.9049803
광주광역시 남구,회서로,광주광역시 남구 회서로,4,0,1,6,0,35.1303608,126.894936
광주광역시 남구,봉선로19번길,광주광역시 남구 봉선로19번길,6,0,2,6,0,35.1315965,126.9047524
광주광역시 남구,봉선중앙로123번길,광주광역시 남구 봉선중앙로123번길,5,0,1,9,0,35.1318849,126.9083511
광주광역시 남구,봉선2로,광주광역시 남구 봉선2로,7,0,1,8,0,35.1258191,126.9126581
광주광역시 남구,봉선중앙로,광주광역시 남구 봉선중앙로,18,0,3,20,0,35.1291524,126.9113361
광주광역시 남구,월드컵동로,광주광역시 남구 월드컵동로,2,0,0,4,0,35.1310109,126.8865939
광주광역시 남구,봉선로25번길,광주광역시 남구 봉선로25번길,2,0,0,5,0,35.1309671,126.9041225
광주광역시 남구,풍암순환로128번길,광주광역시 남구 풍암순환로128번길,1,0,1,1,0,35.1266566,126.8848183
광주광역시 남구,봉선1로37번길,광주광역시 남구 봉선1로37번길,3,0,0,3,0,35.1285352,126.9091938
광주광역시 남구,금화로,광주광역시 남구 금화로,15,0,1,21,0,35.1443612,126.8900797
광주광역시 남구,독립로54번길,광주광역시 남구 독립로54번길,4,0,0,5,0,35.1383875,126.9040834
광주광역시 남구,독립로80번길,광주광역시 남구 독립로80번길,3,0,0,3,1,35.1406723,126.9048591
광주광역시 남구,봉선로79번길,광주광역시 남구 봉선로79번길,1,0,0,1,0,35.1266808,126.9086326
광주광역시 남구,덕림중앙길,광주광역시 남구 덕림중앙길,1,0,1,0,0,35.1466406,126.90136
광주광역시 남구,봉선중앙로124번길,광주광역시 남구 봉선중앙로124번길,2,0,1,1,0,35.1322806,126.9128989
광주광역시 남구,서문대로704번길,광주광역시 남구 서문대로704번길,1,0,0,1,0,35.1229503,126.8995743
광주광역시 남구,봉선중길,광주광역시 남구 봉선중길,1,0,0,1,0,35.12949,126.9138065
광주광역시 남구,서문대로678번길,광주광역시 남구 서문대로678번길,2,0,0,1,1,35.1195409,126.9002398
광주광역시 남구,서문대로654번길,광주광역시 남구 서문대로654번길,6,0,4,5,0,35.1169222,126.9010269
광주광역시 남구,진제길,광주광역시 남구 진제길,1,0,0,2,0,35.113727,126.9021083
광주광역시 남구,덕림길,광주광역시 남구 덕림길,1,0,0,1,0,35.1474149,126.9016879
광주광역시 남구,천변좌로,광주광역시 남구 천변좌로,24,0,4,37,2,35.1374427,126.9197278
광주광역시 남구,회재로,광주광역시 남구 회재로,35,0,7,37,4,35.1154398,126.8698971
광주광역시 남구,봉선로122번길,광주광역시 남구 봉선로122번길,1,0,0,2,0,35.1228178,126.9085801
광주광역시 남구,효사랑길,광주광역시 남구 효사랑길,3,0,0,4,0,35.1213139,126.9166084
광주광역시 남구,봉선로175번길,광주광역시 남구 봉선로175번길,1,0,0,1,0,35.1247787,126.9143975
광주광역시 남구,옹정길,광주광역시 남구 옹정길,1,0,0,1,0,35.1283436,126.9024457
광주광역시 남구,서문대로473번길,광주광역시 남구 서문대로473번길,2,0,1,1,0,35.1091791,126.8851981
광주광역시 남구,송암로24번가길,광주광역시 남구 송암로24번가길,1,0,0,1,0,35.1103245,126.8790745
광주광역시 남구,송암로24번나길,광주광역시 남구 송암로24번나길,2,0,1,3,0,35.1113171,126.8810867
광주광역시 남구,송암로98번길,광주광역시 남구 송암로98번길,1,0,0,8,0,35.1150231,126.8756494
광주광역시 남구,중앙로107번길,광주광역시 남구 중앙로107번길,3,0,3,2,0,35.1463179,126.9097283
광주광역시 남구,천변좌로338번길,광주광역시 남구 천변좌로338번길,2,0,0,2,0,35.1482898,126.9084422
광주광역시 남구,백운로82번길,광주광역시 남구 백운로82번길,1,0,0,0,1,35.140513,126.90706
광주광역시 남구,2순환로,광주광역시 남구 2순환로,14,0,5,20,0,35.1158343,126.8751755
광주광역시 남구,용대로,광주광역시 남구 용대로,25,1,2,30,1,35.1303556,126.9179518
광주광역시 남구,서문대로627번길,광주광역시 남구 서문대로627번길,1,0,0,1,0,35.1151686,126.8953544
광주광역시 남구,큰방림길,광주광역시 남구 큰방림길,1,0,0,1,0,35.1322847,126.9223983
광주광역시 남구,천변좌로566번길,광주광역시 남구 천변좌로566번길,2,0,1,1,0,35.1308908,126.9234144
광주광역시 남구,군분로66번길,광주광역시 남구 군분로66번길,2,0,0,7,0,35.1395963,126.8932476
광주광역시 남구,군분로100번길,광주광역시 남구 군분로100번길,1,0,0,1,0,35.1421507,126.8911752
광주광역시 남구,군분로89번길,광주광역시 남구 군분로89번길,1,0,0,2,0,35.13971,126.8888936
광주광역시 남구,경열로,광주광역시 남구 경열로,1,0,0,1,0,35.1518934,126.8964047
광주광역시 남구,회재로,광주광역시 남구 회재로,1,0,0,1,0,35.1154398,126.8698971
광주광역시 남구,송암로,광주광역시 남구 송암로,1,0,0,1,0,35.110527,126.8754398
광주광역시 남구,독립로,광주광역시 남구 독립로,2,0,0,5,0,35.1407771,126.9025521
광주광역시 남구,봉주길,광주광역시 남구 봉주길,1,0,0,1,0,35.1363075,126.891828
광주광역시 남구,대남대로,광주광역시 남구 대남대로,1,0,0,2,0,35.1388133,126.901718
광주광역시 남구,경열로,광주광역시 남구 경열로,2,0,0,4,0,35.1518934,126.8964047
광주광역시 남구,서문대로701번길,광주광역시 남구 서문대로701번길,4,0,0,4,0,35.1219582,126.8975153
광주광역시 남구,서문대로749번길,광주광역시 남구 서문대로749번길,7,0,0,8,0,35.1262043,126.8947638
광주광역시 남구,대남대로223번길,광주광역시 남구 대남대로223번길,3,0,0,3,0,35.1319935,126.896697
광주광역시 남구,광복마을길,광주광역시 남구 광복마을길,13,0,1,15,0,35.1231054,126.8969878
광주광역시 남구,광복마을4길,광주광역시 남구 광복마을4길,2,0,0,4,0,35.120491,126.8955141
광주광역시 남구,광복마을5길,광주광역시 남구 광복마을5길,1,0,0,1,0,35.1240111,126.8951521
광주광역시 남구,광복마을7길,광주광역시 남구 광복마을7길,4,0,1,3,0,35.1276562,126.8945251
광주광역시 남구,회재로1186번길,광주광역시 남구 회재로1186번길,4,0,1,3,0,35.129268,126.8919711
광주광역시 남구,회재로1217번길,광주광역시 남구 회재로1217번길,3,0,1,2,0,35.1351107,126.8928368
광주광역시 남구,신효천3길,광주광역시 남구 신효천3길,1,0,0,2,0,35.0993075,126.8788796
광주광역시 남구,서문대로402번길,광주광역시 남구 서문대로402번길,3,0,0,6,0,35.103108,126.8829633
광주광역시 남구,금화로376번길,광주광역시 남구 금화로376번길,1,0,0,1,0,35.1401308,126.8879899
광주광역시 남구,회재로1218번길,광주광역시 남구 회재로1218번길,2,0,1,1,0,35.1324064,126.8948485
광주광역시 남구,회재로1224번길,광주광역시 남구 회재로1224번길,1,0,1,0,0,35.1323404,126.8956671
광주광역시 남구,회재로1242번길,광주광역시 남구 회재로1242번길,2,0,0,4,0,35.1331876,126.8970971
광주광역시 남구,월산로151번안길,광주광역시 남구 월산로151번안길,1,0,0,1,0,35.1491244,126.8937683
광주광역시 남구,서문대로749번마길,광주광역시 남구 서문대로749번마길,1,0,0,1,0,35.1236539,126.8936823
광주광역시 남구,용대로183번길,광주광역시 남구 용대로183번길,1,0,1,0,0,35.1325438,126.9159728
광주광역시 남구,회재로1186번길,광주광역시 남구 회재로1186번길,1,0,0,1,0,35.129268,126.8919711
광주광역시 남구,영산로,광주광역시 남구 영산로,4,0,0,11,0,35.1559952,126.8916788
광주광역시 남구,산남로,광주광역시 남구 산남로,1,0,0,1,0,35.0784168,126.8652115
광주광역시 남구,송암로24번나길,광주광역시 남구 송암로24번나길,1,0,0,1,0,35.1113171,126.8810867
광주광역시 남구,주월로,광주광역시 남구 주월로,4,0,0,5,0,35.1292132,126.8968709
광주광역시 남구,천변좌로,광주광역시 남구 천변좌로,1,0,0,6,0,35.1374427,126.9197278
광주광역시 남구,효천1로,광주광역시 남구 효천1로,2,0,1,5,1,35.1047447,126.8829389
광주광역시 남구,효천중앙로,광주광역시 남구 효천중앙로,1,0,0,1,0,35.1441036,126.9017357
광주광역시 남구,회재로,광주광역시 남구 회재로,1,0,2,4,0,35.1154398,126.8698971
광주광역시 남구,빛가람장성로,광주광역시 남구 빛가람장성로,1,0,0,2,0,35.1411776,126.878566
광주광역시 북구,필문대로,광주광역시 북구 필문대로,19,1,4,22,2,35.1580949,126.9285269
광주광역시 북구,참판로,광주광역시 북구 참판로,1,0,0,1,0,35.1727442,126.9341377
광주광역시 북구,죽봉대로,광주광역시 북구 죽봉대로,6,0,1,12,1,35.1713775,126.8846325
광주광역시 북구,임방울대로,광주광역시 북구 임방울대로,18,0,3,48,0,35.2144478,126.8661771
광주광역시 북구,임방울대로,광주광역시 북구 임방울대로,2,0,0,3,0,35.2144478,126.8661771
광주광역시 북구,군왕로,광주광역시 북구 군왕로,53,1,13,62,5,35.1738498,126.9334553
광주광역시 북구,면앙로89번길,광주광역시 북구 면앙로89번길,2,0,1,1,0,35.1794628,126.9224413
광주광역시 북구,군왕로207번길,광주광역시 북구 군왕로207번길,2,1,0,2,0,35.1802726,126.9326945
광주광역시 북구,앰코로,광주광역시 북구 앰코로,5,0,3,3,1,35.2275604,126.8529716
광주광역시 북구,동문대로30번길,광주광역시 북구 동문대로30번길,2,0,0,3,0,35.1673863,126.9218229
광주광역시 북구,군왕로168번길,광주광역시 북구 군왕로168번길,1,0,0,1,0,35.1758834,126.9348093
광주광역시 북구,밤실로,광주광역시 북구 밤실로,6,0,1,7,1,35.1635836,126.9338899
광주광역시 북구,무등로,광주광역시 북구 무등로,37,0,7,50,2,35.1586,126.9465078
광주광역시 북구,죽봉대로,광주광역시 북구 죽봉대로,30,0,1,67,4,35.1713775,126.8846325
광주광역시 북구,태봉로,광주광역시 북구 태봉로,13,0,0,21,1,35.1617427,126.9042062
광주광역시 북구,갈마로,광주광역시 북구 갈마로,10,0,3,8,0,35.1612884,126.9335283
광주광역시 북구,우치로,광주광역시 북구 우치로,97,0,20,122,5,35.1888835,126.9072298
광주광역시 북구,동문대로,광주광역시 북구 동문대로,110,1,20,136,8,35.1820868,126.9292526
광주광역시 북구,무등로,광주광역시 북구 무등로,6,0,5,7,0,35.1586,126.9465078
광주광역시 북구,상무대로,광주광역시 북구 상무대로,1,0,0,1,0,35.1587312,126.8992161
광주광역시 북구,하남대로,광주광역시 북구 하남대로,53,0,9,67,3,35.1732433,126.8619026
광주광역시 북구,북문대로,광주광역시 북구 북문대로,85,0,15,128,7,35.1812281,126.8734077
광주광역시 북구,북문대로272번길,광주광역시 북구 북문대로272번길,3,0,0,6,0,35.1904416,126.8628686
광주광역시 북구,북문대로232번길,광주광역시 북구 북문대로232번길,1,0,0,1,0,35.1874142,126.866848
광주광역시 북구,하서로,광주광역시 북구 하서로,86,0,16,131,7,35.2131672,126.8881256
광주광역시 북구,첨단과기로,광주광역시 북구 첨단과기로,1,0,1,1,0,35.2281854,126.8529225
광주광역시 북구,서강로,광주광역시 북구 서강로,22,0,5,22,1,35.1805362,126.8729728
광주광역시 북구,서강로62번길,광주광역시 북구 서강로62번길,3,0,1,3,0,35.1773785,126.8723733
광주광역시 북구,서하로,광주광역시 북구 서하로,90,0,23,104,7,35.1852969,126.914149
광주광역시 북구,용봉로,광주광역시 북구 용봉로,24,1,4,28,2,35.1724804,126.903621
광주광역시 북구,하서로672번길,광주광역시 북구 하서로672번길,1,0,1,0,0,35.23455,126.8914563
광주광역시 북구,설죽로,광주광역시 북구 설죽로,110,1,17,153,4,35.1929154,126.8980778
광주광역시 북구,서암대로,광주광역시 북구 서암대로,61,2,16,84,4,35.1686026,126.9057683
광주광역시 북구,서암대로76번길,광주광역시 북구 서암대로76번길,1,0,0,1,0,35.1708405,126.892638
광주광역시 북구,서방로,광주광역시 북구 서방로,30,0,4,36,5,35.1714847,126.9216705
광주광역시 북구,서강로131번길,광주광역시 북구 서강로131번길,2,0,0,2,0,35.1836075,126.8734099
광주광역시 북구,설죽로,광주광역시 북구 설죽로,1,0,0,2,0,35.1929154,126.8980778
광주광역시 북구,하서로229번길,광주광역시 북구 하서로229번길,1,0,0,1,0,35.1963637,126.8749455
광주광역시 북구,첨단과기로,광주광역시 북구 첨단과기로,6,0,0,7,0,35.2281854,126.8529225
광주광역시 북구,경열로,광주광역시 북구 경열로,18,0,1,29,0,35.1595507,126.9062626
광주광역시 북구,필문대로,광주광역시 북구 필문대로,2,0,0,3,1,35.1580949,126.9285269
광주광역시 북구,양일로,광주광역시 북구 양일로,42,0,12,69,6,35.1982282,126.880237
광주광역시 북구,삼소로,광주광역시 북구 삼소로,2,0,0,2,0,35.2402339,126.8694396
광주광역시 북구,첨단벤처로,광주광역시 북구 첨단벤처로,3,0,0,5,0,35.2293403,126.8581547
광주광역시 북구,추암로,광주광역시 북구 추암로,9,0,1,11,1,35.2320651,126.8651519
광주광역시 북구,일곡택지로,광주광역시 북구 일곡택지로,6,0,2,12,1,35.2057117,126.8937381
광주광역시 북구,양산로,광주광역시 북구 양산로,25,0,3,27,2,35.2094174,126.8809009
광주광역시 북구,삼소로270번길,광주광역시 북구 삼소로270번길,1,0,0,1,0,35.2367817,126.8660964
광주광역시 북구,석곡로,광주광역시 북구 석곡로,1,0,0,1,0,35.19304,126.9549189
광주광역시 북구,송강로,광주광역시 북구 송강로,2,0,2,5,0,35.1696264,126.9897663
광주광역시 북구,독립로,광주광역시 북구 독립로,16,1,2,20,1,35.1596301,126.9131092
광주광역시 북구,군왕로208번길,광주광역시 북구 군왕로208번길,2,0,1,4,0,35.1789293,126.9368816
광주광역시 북구,동문대로204번길,광주광역시 북구 동문대로204번길,6,0,0,6,0,35.1800229,126.9317185
광주광역시 북구,면앙로165번길,광주광역시 북구 면앙로165번길,1,0,0,2,0,35.179153,126.9311081
광주광역시 북구,서방로159번길,광주광역시 북구 서방로159번길,1,0,0,1,0,35.1709072,126.930434
광주광역시 북구,설죽로214번길,광주광역시 북구 설죽로214번길,1,0,0,1,0,35.1780588,126.9016637
광주광역시 북구,반룡로,광주광역시 북구 반룡로,7,0,4,8,0,35.1790115,126.9013234
광주광역시 북구,청계로,광주광역시 북구 청계로,3,0,0,5,0,35.1773583,126.8935908
광주광역시 북구,설죽로251번길,광주광역시 북구 설죽로251번길,2,0,0,0,2,35.1820051,126.8955249
광주광역시 북구,문화소통로,광주광역시 북구 문화소통로,23,0,3,39,0,35.1822828,126.9195541
광주광역시 북구,용주로,광주광역시 북구 용주로,6,0,2,8,0,35.1821706,126.9022684
광주광역시 북구,천지인로,광주광역시 북구 천지인로,18,0,2,25,0,35.1851306,126.914479
광주광역시 북구,설죽로320번길,광주광역시 북구 설죽로320번길,1,0,0,1,0,35.1879731,126.9010178
광주광역시 북구,설죽로348번길,광주광역시 북구 설죽로348번길,3,0,1,4,0,35.1914098,126.8995254
광주광역시 북구,송해로,광주광역시 북구 송해로,3,0,0,3,0,35.2022537,126.9005192
광주광역시 북구,설죽로370번길,광주광역시 북구 설죽로370번길,5,0,1,2,2,35.1931022,126.9007034
광주광역시 북구,우치로331번길,광주광역시 북구 우치로331번길,1,0,0,1,0,35.1937566,126.9031864
광주광역시 북구,저불로69번길,광주광역시 북구 저불로69번길,1,0,0,1,0,35.1806771,126.8929337
광주광역시 북구,우치로311번길,광주광역시 북구 우치로311번길,2,0,0,3,0,35.1920753,126.9032552
광주광역시 북구,양일로305번길,광주광역시 북구 양일로305번길,1,0,0,1,0,35.2040535,126.8966377
광주광역시 북구,안산로,광주광역시 북구 안산로,10,0,3,12,0,35.1906664,126.9024293
광주광역시 북구,일곡로,광주광역시 북구 일곡로,2,0,0,4,0,35.2077042,126.8933855
광주광역시 북구,일곡마을로,광주광역시 북구 일곡마을로,8,0,2,10,0,35.2083218,126.8940404
광주광역시 북구,소해로,광주광역시 북구 소해로,1,0,0,1,1,35.2110173,126.8917284
광주광역시 북구,설죽로,광주광역시 북구 설죽로,1,0,0,1,0,35.1929154,126.8980778
광주광역시 북구,안산로,광주광역시 북구 안산로,1,0,0,1,0,35.1906664,126.9024293
광주광역시 북구,설죽로389번길,광주광역시 북구 설죽로389번길,3,0,1,2,0,35.1952942,126.8979331
광주광역시 북구,빛고을대로,광주광역시 북구 빛고을대로,2,0,1,2,0,35.1633056,126.8552532
광주광역시 북구,화운로,광주광역시 북구 화운로,3,0,1,2,1,35.1555812,126.8787084
광주광역시 북구,유림로,광주광역시 북구 유림로,2,0,0,2,0,35.1771769,126.8641294
광주광역시 북구,무진대로,광주광역시 북구 무진대로,6,0,0,14,0,35.1617352,126.8647041
광주광역시 북구,당뫼로,광주광역시 북구 당뫼로,1,0,0,1,0,35.1700253,126.915086
광주광역시 북구,당뫼로4번길,광주광역시 북구 당뫼로4번길,1,0,0,0,1,35.1664093,126.9148599
광주광역시 북구,향토문화로,광주광역시 북구 향토문화로,1,0,0,1,0,35.1702504,126.9152796
광주광역시 북구,설죽로202번길,광주광역시 북구 설죽로202번길,3,0,0,5,0,35.1771532,126.9004626
광주광역시 북구,반룡로28번길,광주광역시 북구 반룡로28번길,3,0,0,4,1,35.1780123,126.9008296
광주광역시 북구,반룡로27번길,광주광역시 북구 반룡로27번길,1,0,1,0,0,35.1799315,126.9013182
광주광역시 북구,용주로30번길,광주광역시 북구 용주로30번길,2,0,0,2,0,35.1816113,126.9037621
광주광역시 북구,용주로40번길,광주광역시 북구 용주로40번길,1,0,1,0,0,35.1817811,126.9045675
광주광역시 북구,운용로,광주광역시 북구 운용로,7,0,0,14,0,35.1757106,126.8921988
광주광역시 북구,비엔날레로,광주광역시 북구 비엔날레로,21,0,3,20,2,35.1800982,126.8923916
광주광역시 북구,용봉택지로,광주광역시 북구 용봉택지로,17,0,2,23,1,35.178585,126.8909654
광주광역시 북구,저불로,광주광역시 북구 저불로,8,0,0,16,0,35.1777503,126.8952152
광주광역시 북구,비엔날레로82번길,광주광역시 북구 비엔날레로82번길,1,0,0,1,0,35.1796802,126.8921809
광주광역시 북구,서양로,광주광역시 북구 서양로,18,0,3,23,2,35.1685894,126.9128489
광주광역시 북구,경양로,광주광역시 북구 경양로,13,0,2,20,0,35.1613353,126.9043191
광주광역시 북구,양산택지로,광주광역시 북구 양산택지로,12,0,1,12,1,35.2143026,126.8805742
광주광역시 북구,동문대로65번길,광주광역시 북구 동문대로65번길,1,0,0,1,0,35.1708505,126.9204641
광주광역시 북구,향토문화로2번길,광주광역시 북구 향토문화로2번길,1,0,0,1,0,35.169754,126.9179478
광주광역시 북구,밤실로,광주광역시 북구 밤실로,2,0,1,6,0,35.1635836,126.9338899
광주광역시 북구,밤실로191번길,광주광역시 북구 밤실로191번길,1,0,0,0,1,35.163596,126.9324876
광주광역시 북구,참판로,광주광역시 북구 참판로,28,0,7,37,0,35.1727442,126.9341377
광주광역시 북구,호동로,광주광역시 북구 호동로,22,0,5,30,1,35.1761135,126.9156514
광주광역시 북구,우치로126번길,광주광역시 북구 우치로126번길,1,0,0,2,0,35.1786537,126.9134578
광주광역시 북구,중문로,광주광역시 북구 중문로,9,0,3,8,0,35.1766383,126.9195643
광주광역시 북구,동문대로85번길,광주광역시 북구 동문대로85번길,1,0,0,1,0,35.1725082,126.9208531
광주광역시 북구,우치로110번길,광주광역시 북구 우치로110번길,1,0,1,0,0,35.1774561,126.9140945
광주광역시 북구,서방로107번길,광주광역시 북구 서방로107번길,2,0,1,1,0,35.1724177,126.9255992
광주광역시 북구,면앙로156번길,광주광역시 북구 면앙로156번길,1,0,0,1,0,35.1752628,126.9283068
광주광역시 북구,삼정로,광주광역시 북구 삼정로,19,0,6,19,1,35.1683116,126.9356647
광주광역시 북구,삼정로3번길,광주광역시 북구 삼정로3번길,2,0,0,1,1,35.1654567,126.9339602
광주광역시 북구,밤실로208번길,광주광역시 북구 밤실로208번길,2,0,0,2,0,35.1655565,126.9339748
광주광역시 북구,효산로,광주광역시 북구 효산로,2,0,0,5,0,35.1814768,126.9125865
광주광역시 북구,중문로84번길,광주광역시 북구 중문로84번길,1,0,0,1,0,35.179731,126.9229785
광주광역시 북구,면앙로139번길,광주광역시 북구 면앙로139번길,1,0,0,1,0,35.1788746,126.9284507
광주광역시 북구,탁영로,광주광역시 북구 탁영로,4,1,0,3,0,35.1666766,126.9342614
광주광역시 북구,두리봉길,광주광역시 북구 두리봉길,5,0,1,6,0,35.1778988,126.9324281
광주광역시 북구,동문대로186번길,광주광역시 북구 동문대로186번길,1,0,0,1,0,35.1784435,126.9306318
광주광역시 북구,군왕로181번길,광주광역시 북구 군왕로181번길,3,0,0,3,0,35.1777597,126.9331789
광주광역시 북구,군왕로142번길,광주광역시 북구 군왕로142번길,2,0,0,2,0,35.1739201,126.9339307
광주광역시 북구,면앙로,광주광역시 북구 면앙로,32,0,3,40,2,35.1775727,126.9239741
광주광역시 북구,월동로,광주광역시 북구 월동로,1,0,0,3,0,35.1759492,126.9370356
광주광역시 북구,송월로,광주광역시 북구 송월로,2,0,1,4,0,35.1870509,126.9132409
광주광역시 북구,풍영정길,광주광역시 북구 풍영정길,1,0,0,2,0,35.1885006,126.8526452
광주광역시 북구,우치로274번길,광주광역시 북구 우치로274번길,3,0,0,8,0,35.1892855,126.9075495
광주광역시 북구,신촌로23번길,광주광역시 북구 신촌로23번길,2,0,0,2,0,35.1892613,126.9108225
광주광역시 북구,신촌로,광주광역시 북구 신촌로,3,0,2,1,0,35.1890521,126.9121055
광주광역시 북구,오문로,광주광역시 북구 오문로,3,0,0,4,0,35.190268,126.9182631
광주광역시 북구,대천로,광주광역시 북구 대천로,10,1,1,12,1,35.1864387,126.9176005
광주광역시 북구,능안로,광주광역시 북구 능안로,5,0,4,8,0,35.1871001,126.9171605
광주광역시 북구,서하로355번길,광주광역시 북구 서하로355번길,2,0,1,1,0,35.1877761,126.9202391
광주광역시 북구,문산로,광주광역시 북구 문산로,15,0,4,14,1,35.1858909,126.92342
광주광역시 북구,동문대로248번길,광주광역시 북구 동문대로248번길,6,0,1,6,0,35.1831401,126.9352846
광주광역시 북구,각화대로,광주광역시 북구 각화대로,15,1,3,14,2,35.1804227,126.9371411
광주광역시 북구,각화대로87번길,광주광역시 북구 각화대로87번길,1,0,1,0,0,35.1799824,126.9404607
광주광역시 북구,도동로,광주광역시 북구 도동로,3,0,0,3,0,35.1919161,126.9376445
광주광역시 북구,장운길,광주광역시 북구 장운길,1,0,0,2,0,35.209609,126.9374089
광주광역시 북구,매곡로,광주광역시 북구 매곡로,11,0,2,9,1,35.192325,126.892048
광주광역시 북구,설죽로315번길,광주광역시 북구 설죽로315번길,6,0,2,5,0,35.1886537,126.8957072
광주광역시 북구,초당로,광주광역시 북구 초당로,1,0,0,1,0,35.1941021,126.8939992
광주광역시 북구,금호로120번길,광주광역시 북구 금호로120번길,1,0,0,1,0,35.1766082,126.8821958
광주광역시 북구,서강로54번길,광주광역시 북구 서강로54번길,3,0,1,3,0,35.1761189,126.874349
광주광역시 북구,대자실로,광주광역시 북구 대자실로,7,0,2,11,0,35.1784199,126.8735875
광주광역시 북구,북문대로159번길,광주광역시 북구 북문대로159번길,4,0,0,5,0,35.1818093,126.8698479
광주광역시 북구,북문대로169번길,광주광역시 북구 북문대로169번길,1,0,1,1,0,35.18252,126.8690752
광주광역시 북구,대자로,광주광역시 북구 대자로,6,0,0,15,0,35.1732663,126.8800444
광주광역시 북구,동운로,광주광역시 북구 동운로,10,0,3,13,0,35.1750542,126.8659648
광주광역시 북구,하백로5번길,광주광역시 북구 하백로5번길,1,0,1,2,0,35.1884426,126.8892295
광주광역시 북구,매곡로69번길,광주광역시 북구 매곡로69번길,2,0,0,1,1,35.1896819,126.8922928
광주광역시 북구,하백로6번길,광주광역시 북구 하백로6번길,1,0,1,0,0,35.1879468,126.8924328
광주광역시 북구,대천로169번길,광주광역시 북구 대천로169번길,1,0,0,1,0,35.1894327,126.922161
광주광역시 북구,문산로74번길,광주광역시 북구 문산로74번길,1,0,0,1,0,35.1878863,126.9273565
광주광역시 북구,동운로213번길,광주광역시 북구 동운로213번길,1,0,0,1,0,35.1751487,126.8736365
광주광역시 북구,동운로201번길,광주광역시 북구 동운로201번길,1,0,0,1,0,35.1747374,126.8736956
광주광역시 북구,황계로,광주광역시 북구 황계로,10,0,1,14,0,35.1747499,126.8753986
광주광역시 북구,동림용산로,광주광역시 북구 동림용산로,4,0,1,4,1,35.187678,126.8674021
광주광역시 북구,북문대로242번길,광주광역시 북구 북문대로242번길,7,0,2,8,0,35.1895551,126.8658733
광주광역시 북구,하서로176번길,광주광역시 북구 하서로176번길,1,0,0,1,0,35.1926651,126.8782143
광주광역시 북구,하서로216번길,광주광역시 북구 하서로216번길,2,0,0,2,0,35.1953693,126.8815244
광주광역시 북구,양산제로,광주광역시 북구 양산제로,5,0,1,7,0,35.2020121,126.8708758
광주광역시 북구,연양로,광주광역시 북구 연양로,18,0,1,24,3,35.2063073,126.873949
광주광역시 북구,양산제로137번길,광주광역시 북구 양산제로137번길,1,0,0,1,0,35.204747,126.8695833
광주광역시 북구,연양로28번길,광주광역시 북구 연양로28번길,1,0,0,1,0,35.2055055,126.8704797
광주광역시 북구,연양로40번길,광주광역시 북구 연양로40번길,1,0,0,1,0,35.2055597,126.8718504
광주광역시 북구,연양로7번길,광주광역시 북구 연양로7번길,6,0,1,5,0,35.2081168,126.8679282
광주광역시 북구,효열로,광주광역시 북구 효열로,3,0,2,1,0,35.2076799,126.8718434
광주광역시 북구,효열로35번길,광주광역시 북구 효열로35번길,1,0,1,0,0,35.2089216,126.8729386
광주광역시 북구,하서로322번길,광주광역시 북구 하서로322번길,1,0,0,3,0,35.2054074,126.8745866
광주광역시 북구,자라봉로,광주광역시 북구 자라봉로,2,0,0,2,0,35.2078876,126.8790329
광주광역시 북구,연양로67번길,광주광역시 북구 연양로67번길,1,0,0,1,0,35.2085324,126.8753767
광주광역시 북구,연양로81번길,광주광역시 북구 연양로81번길,6,0,1,7,1,35.2086783,126.8767463
광주광역시 북구,연양로105번길,광주광역시 북구 연양로105번길,1,0,0,1,0,35.2084607,126.8801482
광주광역시 북구,양산택지로37번길,광주광역시 북구 양산택지로37번길,2,0,1,2,0,35.209012,126.8767518
광주광역시 북구,양산택지로33번길,광주광역시 북구 양산택지로33번길,1,0,0,1,0,35.2095096,126.8768768
광주광역시 북구,양산택지로34번길,광주광역시 북구 양산택지로34번길,2,0,0,2,0,35.2090712,126.8816167
광주광역시 북구,양산택지로51번길,광주광역시 북구 양산택지로51번길,5,0,2,3,0,35.2110326,126.87907
광주광역시 북구,본촌택지로,광주광역시 북구 본촌택지로,1,0,0,1,0,35.2154126,126.8795434
광주광역시 북구,양산택지로79번길,광주광역시 북구 양산택지로79번길,1,0,0,1,0,35.2139729,126.8796101
광주광역시 북구,본촌택지로30번길,광주광역시 북구 본촌택지로30번길,2,0,0,1,1,35.2152317,126.8811383
광주광역시 북구,하서로466번길,광주광역시 북구 하서로466번길,1,0,0,1,0,35.2149941,126.8795198
광주광역시 북구,용두택지로,광주광역시 북구 용두택지로,1,0,0,4,0,35.2141685,126.8769699
광주광역시 북구,상촌로,광주광역시 북구 상촌로,7,0,1,7,0,35.2119127,126.8777857
광주광역시 북구,상촌로31번길,광주광역시 북구 상촌로31번길,1,0,1,0,0,35.212508,126.878384
광주광역시 북구,양산로71번길,광주광역시 북구 양산로71번길,2,0,1,1,0,35.2116325,126.8828461
광주광역시 북구,양산택지소로,광주광역시 북구 양산택지소로,4,0,3,3,0,35.215088,126.8829286
광주광역시 북구,하서로423번길,광주광역시 북구 하서로423번길,2,0,1,2,0,35.2133571,126.8729934
광주광역시 북구,하서로447번길,광주광역시 북구 하서로447번길,2,0,0,3,0,35.2142843,126.87321
광주광역시 북구,하서로523번길,광주광역시 북구 하서로523번길,3,0,0,3,1,35.2226909,126.8747341
광주광역시 북구,민주로,광주광역시 북구 민주로,4,0,6,6,0,35.2316783,126.9395278
광주광역시 북구,유림로,광주광역시 북구 유림로,9,0,1,10,2,35.1771769,126.8641294
광주광역시 북구,금호로,광주광역시 북구 금호로,11,0,1,13,0,35.1735516,126.8865959
광주광역시 북구,서암대로100번길,광주광역시 북구 서암대로100번길,1,0,0,0,1,35.1704037,126.8943396
광주광역시 북구,자산로,광주광역시 북구 자산로,2,0,0,3,0,35.1685235,126.8954283
광주광역시 북구,신촌마을길,광주광역시 북구 신촌마을길,1,0,0,1,0,35.2030011,126.8689095
광주광역시 북구,용봉택지로,광주광역시 북구 용봉택지로,1,0,0,0,1,35.178585,126.8909654
광주광역시 북구,천변우하로,광주광역시 북구 천변우하로,1,0,0,1,0,35.1705061,126.8803825
광주광역시 북구,유림로160번길,광주광역시 북구 유림로160번길,1,0,0,1,0,35.1761437,126.8655206
광주광역시 북구,천변우로,광주광역시 북구 천변우로,48,0,6,74,4,35.1604728,126.895958
광주광역시 북구,서림로,광주광역시 북구 서림로,16,0,2,18,2,35.1639055,126.8958658
광주광역시 북구,서암대로144번길,광주광역시 북구 서암대로144번길,1,0,0,2,0,35.1692323,126.8995151
광주광역시 북구,서암대로131번길,광주광역시 북구 서암대로131번길,3,0,0,8,0,35.1709779,126.8990075
광주광역시 북구,자미로6번길,광주광역시 북구 자미로6번길,10,0,5,9,1,35.166,126.9049905
광주광역시 북구,독립로367번길,광주광역시 북구 독립로367번길,2,0,0,4,0,35.1640391,126.9127036
광주광역시 북구,중흥로,광주광역시 북구 중흥로,12,0,1,20,0,35.1639392,126.9036026
광주광역시 북구,신임로,광주광역시 북구 신임로,3,0,1,4,0,35.1649076,126.8981715
광주광역시 북구,임동로,광주광역시 북구 임동로,2,0,0,4,0,35.1616695,126.8968163
광주광역시 북구,금남로,광주광역시 북구 금남로,36,0,9,53,2,35.1573165,126.9036816
광주광역시 북구,중가로,광주광역시 북구 중가로,6,0,2,5,0,35.1591842,126.9071852
광주광역시 북구,무등로202번길,광주광역시 북구 무등로202번길,1,0,0,1,0,35.1639732,126.9050009
광주광역시 북구,금재로,광주광역시 북구 금재로,2,0,2,0,0,35.1571017,126.9081352
광주광역시 북구,제봉로,광주광역시 북구 제봉로,3,0,0,7,0,35.1601913,126.9104999
광주광역시 북구,금재로75번길,광주광역시 북구 금재로75번길,1,0,0,1,0,35.1571725,126.9110369
광주광역시 북구,임방울대로1041번길,광주광역시 북구 임방울대로1041번길,3,0,0,4,0,35.2145165,126.8704485
광주광역시 북구,군왕로51번길,광주광역시 북구 군왕로51번길,6,0,0,9,0,35.1679078,126.928894
광주광역시 북구,신촌샛강길,광주광역시 북구 신촌샛강길,1,0,1,0,0,35.1746757,126.9596222
광주광역시 북구,용두마을길,광주광역시 북구 용두마을길,1,0,1,0,0,35.2211381,126.87584
광주광역시 북구,본촌마을길,광주광역시 북구 본촌마을길,1,0,0,1,0,35.2188082,126.8816039
광주광역시 북구,본촌마을길102번길,광주광역시 북구 본촌마을길102번길,2,0,1,1,0,35.218357,126.8798935
광주광역시 북구,설죽로279번길,광주광역시 북구 설죽로279번길,3,0,0,7,0,35.185408,126.8970509
광주광역시 북구,서하로183번길,광주광역시 북구 서하로183번길,3,0,1,2,0,35.1906032,126.9007646
광주광역시 북구,우치로90번길,광주광역시 북구 우치로90번길,1,0,0,1,0,35.1755249,126.9133192
광주광역시 북구,설죽로,광주광역시 북구 설죽로,2,0,0,2,0,35.1929154,126.8980778
광주광역시 북구,빛고을대로,광주광역시 북구 빛고을대로,51,0,6,93,6,35.1633056,126.8552532
광주광역시 북구,2순환로,광주광역시 북구 2순환로,17,1,4,22,3,35.1261784,126.9388236
광주광역시 북구,신흥로,광주광역시 북구 신흥로,6,0,2,7,0,35.1710628,126.9081582
광주광역시 북구,천지인로,광주광역시 북구 천지인로,1,0,0,2,0,35.1851306,126.914479
광주광역시 북구,서하로,광주광역시 북구 서하로,2,0,0,4,0,35.1852969,126.914149
광주광역시 북구,서하로94번길,광주광역시 북구 서하로94번길,6,0,1,7,0,35.1858728,126.890351
광주광역시 북구,원용산로,광주광역시 북구 원용산로,1,0,0,1,0,35.2471546,126.8728091
광주광역시 북구,북문대로98번길,광주광역시 북구 북문대로98번길,1,0,0,1,0,35.1803409,126.8773676
광주광역시 북구,양일로,광주광역시 북구 양일로,1,0,1,0,0,35.1982282,126.880237
광주광역시 북구,양일로,광주광역시 북구 양일로,2,0,1,1,0,35.1982282,126.880237
광주광역시 북구,동천로,광주광역시 북구 동천로,2,0,0,5,0,35.1696357,126.8597686
광주광역시 북구,하남대로710번길,광주광역시 북구 하남대로710번길,1,0,0,3,0,35.1700951,126.8704674
광주광역시 북구,하남대로680번길,광주광역시 북구 하남대로680번길,1,0,0,4,0,35.1704793,126.8666739
광주광역시 북구,갈마로,광주광역시 북구 갈마로,4,0,0,6,0,35.1612884,126.9335283
광주광역시 북구,동문대로456번길,광주광역시 북구 동문대로456번길,1,0,0,1,0,35.2036933,126.9376829
광주광역시 북구,필문대로,광주광역시 북구 필문대로,1,0,0,2,0,35.1580949,126.9285269
광주광역시 북구,동배들길,광주광역시 북구 동배들길,2,0,0,4,0,35.1812486,126.8588146
광주광역시 북구,화운로,광주광역시 북구 화운로,13,0,1,24,0,35.1555812,126.8787084
광주광역시 북구,하서로,광주광역시 북구 하서로,2,0,0,3,0,35.2131672,126.8881256
광주광역시 북구,앰코로,광주광역시 북구 앰코로,3,0,0,3,0,35.2275604,126.8529716
광주광역시 북구,양일로,광주광역시 북구 양일로,3,0,1,4,0,35.1982282,126.880237
광주광역시 북구,서강로,광주광역시 북구 서강로,1,0,0,1,0,35.1805362,126.8729728
광주광역시 북구,서암대로,광주광역시 북구 서암대로,15,0,0,24,0,35.1686026,126.9057683
광주광역시 북구,버들로,광주광역시 북구 버들로,3,0,1,3,0,35.1576481,126.9099257
광주광역시 북구,첨단벤처로108번길,광주광역시 북구 첨단벤처로108번길,3,0,0,5,0,35.230765,126.8628493
광주광역시 북구,첨단중앙로182번길,광주광역시 북구 첨단중앙로182번길,1,0,0,2,1,35.2221232,126.8572398
광주광역시 북구,월동로,광주광역시 북구 월동로,1,0,0,1,0,35.1759492,126.9370356
광주광역시 북구,비엔날레로,광주광역시 북구 비엔날레로,1,0,0,1,0,35.1800982,126.8923916
광주광역시 북구,금호로40번길,광주광역시 북구 금호로40번길,2,0,1,1,0,35.1731296,126.8910439
광주광역시 북구,대천로,광주광역시 북구 대천로,2,0,0,3,0,35.1864387,126.9176005
광주광역시 북구,문산로,광주광역시 북구 문산로,3,0,3,0,0,35.1858909,126.92342
광주광역시 북구,삼정로,광주광역시 북구 삼정로,1,0,0,4,0,35.1683116,126.9356647
광주광역시 북구,천지인로115번길,광주광역시 북구 천지인로115번길,2,0,0,5,0,35.1844208,126.9116424
광주광역시 북구,천지인로173번길,광주광역시 북구 천지인로173번길,4,0,2,3,0,35.1844225,126.9184294
광주광역시 북구,첨단과기로208번길,광주광역시 북구 첨단과기로208번길,2,0,0,4,0,35.2244341,126.8504954
광주광역시 북구,자미로,광주광역시 북구 자미로,13,0,3,15,0,35.1700893,126.9040449
광주광역시 북구,자동차로,광주광역시 북구 자동차로,17,0,3,16,1,35.1628621,126.9008704
광주광역시 북구,임방울대로1042번길,광주광역시 북구 임방울대로1042번길,2,0,0,1,1,35.2107206,126.8680567
광주광역시 북구,임방울대로1042번길,광주광역시 북구 임방울대로1042번길,1,0,0,1,1,35.2107206,126.8680567
광주광역시 북구,첨단연신로,광주광역시 북구 첨단연신로,22,0,0,25,2,35.2116677,126.862929
광주광역시 북구,첨단연신로398번길,광주광역시 북구 첨단연신로398번길,1,0,0,1,0,,
광주광역시 북구,양일로18번길,광주광역시 북구 양일로18번길,4,0,3,4,1,35.1805777,126.9013613
광주광역시 북구,첨단연신로30번길,광주광역시 북구 첨단연신로30번길,2,0,0,3,0,,
광주광역시 북구,첨단연신로29번길,광주광역시 북구 첨단연신로29번길,1,0,0,1,0,35.1987762,126.8802924
광주광역시 북구,첨단연신로107번길,광주광역시 북구 첨단연신로107번길,4,0,0,5,0,35.2073344,126.863614
광주광역시 북구,첨단연신로133번길,광주광역시 북구 첨단연신로133번길,1,0,0,1,0,35.2116677,126.862929
광주광역시 북구,첨단연신로108번길,광주광역시 북구 첨단연신로108번길,1,0,0,0,1,35.2104596,126.8660439
광주광역시 북구,첨단연신로91번길,광주광역시 북구 첨단연신로91번길,4,0,0,5,0,35.206485,126.861188
광주광역시 북구,밤실로167번길,광주광역시 북구 밤실로167번길,1,0,0,1,0,35.1629522,126.9325741
광주광역시 북구,첨단연신로91번길,광주광역시 북구 첨단연신로91번길,2,0,0,3,0,35.206485,126.861188
광주광역시 북구,하남진곡산단로,광주광역시 북구 하남진곡산단로,5,0,3,7,0,35.1856903,126.8035412
광주광역시 북구,호남고속도로,광주광역시 북구 호남고속도로,22,0,6,34,2,35.1926249,126.8599051
광주광역시 북구,양일1로,광주광역시 북구 양일1로,2,0,0,3,0,35.2420428,126.8968653
광주광역시 북구,용두마을길34번길,광주광역시 북구 용두마을길34번길,1,0,0,1,0,35.2090712,126.8816167
광주광역시 북구,용두마을길41번길,광주광역시 북구 용두마을길41번길,1,0,1,0,0,35.2213996,126.8754101
광주광역시 북구,삼소로,광주광역시 북구 삼소로,7,1,0,9,0,35.2402339,126.8694396
광주광역시 북구,광주대구고속도로,광주광역시 북구 광주대구고속도로,3,0,0,10,0,35.2077905,126.9393818
광주광역시 북구,북부순환로,광주광역시 북구 북부순환로,3,1,2,6,1,35.1866522,126.8988133
광주광역시 북구,용두마을2길,광주광역시 북구 용두마을2길,1,0,1,0,0,35.2233674,126.8725815
광주광역시 북구,운암산길22번길,광주광역시 북구 운암산길22번길,1,0,0,1,0,35.1798745,126.8781483
광주광역시 북구,첨단연신로174번길,광주광역시 북구 첨단연신로174번길,3,0,2,3,0,,
광주광역시 서구,유덕로,광주광역시 서구 유덕로,6,0,3,3,0,35.1669494,126.847248
광주광역시 서구,죽봉대로,광주광역시 서구 죽봉대로,76,1,14,124,2,35.1602579,126.8835982
광주광역시 서구,상무평화로,광주광역시 서구 상무평화로,15,0,4,15,0,35.1488516,126.8503131
광주광역시 서구,상무누리로,광주광역시 서구 상무누리로,9,0,3,14,0,35.1500511,126.8390195
광주광역시 서구,상무자유로,광주광역시 서구 상무자유로,42,0,9,66,0,35.1516847,126.842175
광주광역시 서구,상무시민로,광주광역시 서구 상무시민로,19,0,2,33,0,35.1555307,126.8486643
광주광역시 서구,상무공원로,광주광역시 서구 상무공원로,18,0,3,24,1,35.1503124,126.8431002
광주광역시 서구,치평로,광주광역시 서구 치평로,20,0,7,18,2,35.1528904,126.8471795
광주광역시 서구,상무중앙로,광주광역시 서구 상무중앙로,41,1,4,53,2,35.1516104,126.8484382
광주광역시 서구,상무연하로,광주광역시 서구 상무연하로,25,0,3,34,2,35.1518882,126.850243
광주광역시 서구,시청로,광주광역시 서구 시청로,15,0,5,19,4,35.1525331,126.8516378
광주광역시 서구,상무번영로,광주광역시 서구 상무번영로,25,0,4,48,4,35.1538758,126.8531874
광주광역시 서구,내방로,광주광역시 서구 내방로,89,1,12,116,4,35.1585217,126.8628244
광주광역시 서구,천변좌하로,광주광역시 서구 천변좌하로,30,0,5,53,1,35.1649983,126.8655837
광주광역시 서구,상무중앙로28번길,광주광역시 서구 상무중앙로28번길,1,0,0,0,1,35.1493039,126.8498367
광주광역시 서구,상무중앙로38번길,광주광역시 서구 상무중앙로38번길,6,0,0,13,0,35.1503224,126.8501143
광주광역시 서구,상무중앙로68번길,광주광역시 서구 상무중앙로68번길,4,0,2,6,0,35.1531038,126.8500222
광주광역시 서구,상무중앙로78번길,광주광역시 서구 상무중앙로78번길,4,0,0,5,0,35.1538821,126.8496652
광주광역시 서구,상무중앙로114번길,광주광역시 서구 상무중앙로114번길,2,0,0,3,0,35.1569505,126.8498835
광주광역시 서구,시청로20번길,광주광역시 서구 시청로20번길,3,0,3,8,0,35.1504955,126.8537618
광주광역시 서구,시청로50번길,광주광역시 서구 시청로50번길,11,0,1,16,1,35.153067,126.8535824
광주광역시 서구,시청로60번길,광주광역시 서구 시청로60번길,17,0,1,23,0,35.1540598,126.8537149
광주광역시 서구,시청로96번길,광주광역시 서구 시청로96번길,1,0,0,1,0,35.1570178,126.8536532
광주광역시 서구,상무중앙로,광주광역시 서구 상무중앙로,1,0,0,2,0,35.1516104,126.8484382
광주광역시 서구,상무자유로,광주광역시 서구 상무자유로,1,0,0,1,0,35.1516847,126.842175
광주광역시 서구,상무중앙로38번길,광주광역시 서구 상무중앙로38번길,2,0,0,2,0,35.1503224,126.8501143
광주광역시 서구,구성로,광주광역시 서구 구성로,4,0,4,0,0,35.1502048,126.9034949
광주광역시 서구,상무시민로,광주광역시 서구 상무시민로,1,0,0,1,0,35.1555307,126.8486643
광주광역시 서구,시청로20번길,광주광역시 서구 시청로20번길,1,0,0,0,2,35.1504955,126.8537618
광주광역시 서구,상무자유로,광주광역시 서구 상무자유로,1,0,0,1,0,35.1516847,126.842175
광주광역시 서구,월산로151번길,광주광역시 서구 월산로151번길,2,0,1,3,1,35.1508488,126.8939007
광주광역시 서구,시청로60번길,광주광역시 서구 시청로60번길,2,0,0,2,0,35.1540598,126.8537149
광주광역시 서구,하남대로,광주광역시 서구 하남대로,6,0,2,5,0,35.1732433,126.8619026
광주광역시 서구,계수로,광주광역시 서구 계수로,13,0,3,13,3,35.1606089,126.8561762
광주광역시 서구,운천로,광주광역시 서구 운천로,127,0,18,198,7,35.1431591,126.8578302
광주광역시 서구,마륵복개로,광주광역시 서구 마륵복개로,5,0,0,6,1,35.1457071,126.8503118
광주광역시 서구,마륵복개로150번길,광주광역시 서구 마륵복개로150번길,2,0,0,2,0,35.1467434,126.8523561
광주광역시 서구,상무대로,광주광역시 서구 상무대로,167,2,22,242,18,35.1489383,126.8619067
광주광역시 서구,운천로204번길,광주광역시 서구 운천로204번길,2,0,0,2,0,35.1521259,126.8583968
광주광역시 서구,상무대로867번길,광주광역시 서구 상무대로867번길,6,0,2,4,1,35.1515959,126.8564451
광주광역시 서구,마륵로,광주광역시 서구 마륵로,8,0,3,10,1,35.1444375,126.8385567
광주광역시 서구,시청서편로,광주광역시 서구 시청서편로,1,0,0,1,0,35.1595225,126.8456742
광주광역시 서구,풍암금당길,광주광역시 서구 풍암금당길,2,0,1,1,0,35.1213061,126.8846756
광주광역시 서구,풍암순환로,광주광역시 서구 풍암순환로,17,0,5,16,1,35.1226819,126.8805069
광주광역시 서구,풍암1로,광주광역시 서구 풍암1로,4,0,0,5,0,35.1240658,126.8784743
광주광역시 서구,풍암2로,광주광역시 서구 풍암2로,9,0,1,11,0,35.1231372,126.8813379
광주광역시 서구,풍암중앙로,광주광역시 서구 풍암중앙로,5,0,0,16,0,35.1255902,126.8810343
광주광역시 서구,월드컵서로,광주광역시 서구 월드컵서로,6,0,1,9,0,35.1310584,126.8717557
광주광역시 서구,월드컵남로,광주광역시 서구 월드컵남로,2,0,1,1,0,35.1299626,126.8771169
광주광역시 서구,풍암공원로,광주광역시 서구 풍암공원로,1,0,0,0,1,35.1293332,126.8814359
광주광역시 서구,월드컵동로,광주광역시 서구 월드컵동로,4,0,0,4,0,35.1310109,126.8865939
광주광역시 서구,풍암순환로188번길,광주광역시 서구 풍암순환로188번길,1,0,0,1,0,35.1281065,126.8839849
광주광역시 서구,풍암순환로128번길,광주광역시 서구 풍암순환로128번길,3,0,0,6,0,35.1266566,126.8848183
광주광역시 서구,송풍로,광주광역시 서구 송풍로,1,0,0,1,0,35.1183324,126.8678985
광주광역시 서구,풍금로,광주광역시 서구 풍금로,22,0,4,24,3,35.1256595,126.8608166
광주광역시 서구,풍암신흥로,광주광역시 서구 풍암신흥로,9,0,3,13,0,35.1211499,126.8671243
광주광역시 서구,금부로,광주광역시 서구 금부로,4,0,1,3,0,35.1397303,126.8583435
광주광역시 서구,금화로,광주광역시 서구 금화로,4,0,2,5,0,35.1411776,126.878566
광주광역시 서구,서광주로,광주광역시 서구 서광주로,14,0,1,23,0,35.1298048,126.8473532
광주광역시 서구,금화로,광주광역시 서구 금화로,43,0,1,88,2,35.1411776,126.878566
광주광역시 서구,화개1로,광주광역시 서구 화개1로,4,0,0,5,0,35.1271169,126.8544865
광주광역시 서구,화개2로,광주광역시 서구 화개2로,1,0,0,2,0,35.1234878,126.8579081
광주광역시 서구,풍서우로,광주광역시 서구 풍서우로,21,0,2,33,2,35.1335748,126.8340128
광주광역시 서구,화개중앙로,광주광역시 서구 화개중앙로,4,0,0,5,1,35.1259536,126.8549568
광주광역시 서구,매월1로,광주광역시 서구 매월1로,2,0,0,2,0,35.1131472,126.8564584
광주광역시 서구,매월2로,광주광역시 서구 매월2로,7,0,2,14,0,35.1155536,126.8601164
광주광역시 서구,매월4로,광주광역시 서구 매월4로,3,0,0,4,0,35.1147351,126.8588201
광주광역시 서구,풍암신흥로11번길,광주광역시 서구 풍암신흥로11번길,1,0,0,1,0,35.1212687,126.8628817
광주광역시 서구,풍암신흥로50번길,광주광역시 서구 풍암신흥로50번길,3,0,0,3,0,35.1229386,126.8695166
광주광역시 서구,풍암신흥로62번길,광주광역시 서구 풍암신흥로62번길,1,0,0,2,0,35.1228846,126.8692109
광주광역시 서구,풍암운리로,광주광역시 서구 풍암운리로,1,0,0,1,0,35.1231238,126.8671241
광주광역시 서구,풍금로12번길,광주광역시 서구 풍금로12번길,3,0,0,7,1,35.1217354,126.8661817
광주광역시 서구,풍금로27번길,광주광역시 서구 풍금로27번길,2,0,0,3,0,35.1219046,126.8637833
광주광역시 서구,풍금로37번길,광주광역시 서구 풍금로37번길,1,0,1,0,0,35.1221362,126.8625582
광주광역시 서구,풍암운리로7번길,광주광역시 서구 풍암운리로7번길,1,0,0,1,0,35.1231466,126.864721
광주광역시 서구,마재로,광주광역시 서구 마재로,2,0,0,3,0,35.130354,126.8633578
광주광역시 서구,풍금로38번길,광주광역시 서구 풍금로38번길,1,0,0,0,1,35.1240502,126.865685
광주광역시 서구,운천로17번길,광주광역시 서구 운천로17번길,3,0,0,3,0,35.1343693,126.8583571
광주광역시 서구,운천로16번길,광주광역시 서구 운천로16번길,2,0,0,2,0,35.1341471,126.8597213
광주광역시 서구,운천로31번길,광주광역시 서구 운천로31번길,2,0,0,2,0,35.1353532,126.8575758
광주광역시 서구,운천로32번길,광주광역시 서구 운천로32번길,7,0,2,5,0,35.1360113,126.8609407
광주광역시 서구,운천로56번길,광주광역시 서구 운천로56번길,1,0,0,1,0,35.1377746,126.8610537
광주광역시 서구,금화로59번길,광주광역시 서구 금화로59번길,1,0,0,2,0,35.1343718,126.8554452
광주광역시 서구,금화로85번길,광주광역시 서구 금화로85번길,3,0,1,2,0,35.1335603,126.8583202
광주광역시 서구,금화로149번길,광주광역시 서구 금화로149번길,2,0,0,3,0,35.1393985,126.8615154
광주광역시 서구,금호운천길,광주광역시 서구 금호운천길,9,0,2,13,0,35.1406875,126.8564917
광주광역시 서구,화개1로24번길,광주광역시 서구 화개1로24번길,3,0,0,4,0,35.1222904,126.8657143
광주광역시 서구,화개1로54번길,광주광역시 서구 화개1로54번길,3,0,1,1,1,35.1271169,126.8544865
광주광역시 서구,화개2로10번길,광주광역시 서구 화개2로10번길,1,0,0,2,0,35.1225889,126.8586037
광주광역시 서구,화개중앙로86번길,광주광역시 서구 화개중앙로86번길,1,0,1,0,0,35.1266542,126.8534996
광주광역시 서구,풍금로151번길,광주광역시 서구 풍금로151번길,6,0,1,12,0,35.1309241,126.8581031
광주광역시 서구,화개1로78번길,광주광역시 서구 화개1로78번길,1,0,0,2,0,35.130476,126.8566633
광주광역시 서구,풍금로171번길,광주광역시 서구 풍금로171번길,1,0,0,2,0,35.1311361,126.8587533
광주광역시 서구,금화로85번길,광주광역시 서구 금화로85번길,2,0,0,2,0,35.1335603,126.8583202
광주광역시 서구,운천로17번길,광주광역시 서구 운천로17번길,2,0,0,2,0,35.1343693,126.8583571
광주광역시 서구,풍금로151번길,광주광역시 서구 풍금로151번길,2,0,0,3,0,35.1309241,126.8581031
광주광역시 서구,서창둑길,광주광역시 서구 서창둑길,3,0,0,6,0,35.1216345,126.8243761
광주광역시 서구,문촌도호길,광주광역시 서구 문촌도호길,1,0,0,1,0,35.1142233,126.8123827
광주광역시 서구,불암길,광주광역시 서구 불암길,1,0,0,1,0,35.1116634,126.8382169
광주광역시 서구,매월1로49번길,광주광역시 서구 매월1로49번길,1,0,0,3,0,35.1138278,126.8589001
광주광역시 서구,매월2로79번길,광주광역시 서구 매월2로79번길,1,0,0,2,0,35.115468,126.8653668
광주광역시 서구,풍서좌로,광주광역시 서구 풍서좌로,28,0,3,45,2,35.1333919,126.8368673
광주광역시 서구,마륵벽진길,광주광역시 서구 마륵벽진길,1,0,0,1,0,35.1382488,126.8479346
광주광역시 서구,전평길,광주광역시 서구 전평길,1,0,0,2,0,35.1199747,126.8469874
광주광역시 서구,풍암1로21번길,광주광역시 서구 풍암1로21번길,4,0,0,4,0,35.1260954,126.8791567
광주광역시 서구,풍암1로21번길,광주광역시 서구 풍암1로21번길,2,0,0,2,0,35.1260954,126.8791567
광주광역시 서구,빛고을대로,광주광역시 서구 빛고을대로,34,0,1,55,0,35.1633056,126.8552532
광주광역시 서구,화운로,광주광역시 서구 화운로,69,0,7,105,3,35.1555812,126.8787084
광주광역시 서구,유림로,광주광역시 서구 유림로,13,0,2,18,1,35.1693567,126.8644061
광주광역시 서구,경열로,광주광역시 서구 경열로,25,0,3,37,2,35.1528972,126.8948704
광주광역시 서구,회재로,광주광역시 서구 회재로,70,1,10,119,3,35.1180593,126.8529551
광주광역시 서구,눌재로,광주광역시 서구 눌재로,7,0,1,11,0,35.1171104,126.8292911
광주광역시 서구,송암로,광주광역시 서구 송암로,8,0,1,9,0,35.116043,126.8679338
광주광역시 서구,월산로,광주광역시 서구 월산로,10,0,3,13,0,35.1564945,126.8919337
광주광역시 서구,독립로,광주광역시 서구 독립로,4,0,1,5,0,35.1501909,126.9054367
광주광역시 서구,무진대로,광주광역시 서구 무진대로,133,0,5,225,18,35.1617352,126.8647041
광주광역시 서구,화정로,광주광역시 서구 화정로,52,0,11,53,4,35.1462155,126.8736359
광주광역시 서구,천변좌로,광주광역시 서구 천변좌로,20,0,2,35,1,35.1589081,126.8943035
광주광역시 서구,쌍촌로,광주광역시 서구 쌍촌로,12,0,8,14,0,35.1482845,126.8649055
광주광역시 서구,쌍학로,광주광역시 서구 쌍학로,2,0,1,1,0,35.1463886,126.8679768
광주광역시 서구,운천로154번길,광주광역시 서구 운천로154번길,3,0,0,10,0,35.1464573,126.8588022
광주광역시 서구,상무대로868번길,광주광역시 서구 상무대로868번길,9,0,2,8,0,35.1483746,126.8580794
광주광역시 서구,상무대로884번길,광주광역시 서구 상무대로884번길,1,0,0,1,0,35.1490636,126.8590682
광주광역시 서구,화정로21번길,광주광역시 서구 화정로21번길,2,0,0,3,0,35.1464505,126.859549
광주광역시 서구,대남대로,광주광역시 서구 대남대로,34,0,3,53,2,35.1500743,126.8870084
광주광역시 서구,구성로,광주광역시 서구 구성로,1,0,0,2,0,35.1502048,126.9034949
광주광역시 서구,금화로,광주광역시 서구 금화로,7,0,3,9,1,35.1411776,126.878566
광주광역시 서구,군분로,광주광역시 서구 군분로,4,0,1,4,0,35.1499683,126.8836301
광주광역시 서구,2순환로,광주광역시 서구 2순환로,30,0,6,57,2,35.1630615,126.828594
광주광역시 서구,하남대로,광주광역시 서구 하남대로,1,0,0,1,0,35.1732433,126.8619026
광주광역시 서구,상무대로916번길,광주광역시 서구 상무대로916번길,1,0,0,1,0,35.1491835,126.8625759
광주광역시 서구,화정로310번길,광주광역시 서구 화정로310번길,2,0,0,3,0,35.1499673,126.8905149
광주광역시 서구,화정로85번길,광주광역시 서구 화정로85번길,3,0,0,6,0,35.1469163,126.8665195
광주광역시 서구,천변우하로,광주광역시 서구 천변우하로,9,0,1,10,0,35.1635602,126.8508456
광주광역시 서구,상무민주로,광주광역시 서구 상무민주로,16,0,2,18,0,35.1561039,126.8591729
광주광역시 서구,상무오월로,광주광역시 서구 상무오월로,3,0,0,3,0,35.1555433,126.8636784
광주광역시 서구,상일로,광주광역시 서구 상일로,28,0,3,38,2,35.1583902,126.8630062
광주광역시 서구,상무민주로6번길,광주광역시 서구 상무민주로6번길,6,0,1,7,0,35.1521758,126.8619879
광주광역시 서구,상무대로911번길,광주광역시 서구 상무대로911번길,3,0,0,5,0,35.1523892,126.8618583
광주광역시 서구,상무대로935번길,광주광역시 서구 상무대로935번길,1,0,0,0,1,35.1527452,126.864493
광주광역시 서구,월드컵4강로,광주광역시 서구 월드컵4강로,65,1,10,75,0,35.1476988,126.8723402
광주광역시 서구,상무대로955번길,광주광역시 서구 상무대로955번길,2,0,0,3,0,35.1537854,126.8666237
광주광역시 서구,월드컵4강로197번길,광주광역시 서구 월드컵4강로197번길,2,0,0,2,0,35.1538322,126.8668138
광주광역시 서구,상무오월로3번길,광주광역시 서구 상무오월로3번길,1,0,0,1,0,35.1568684,126.8602206
광주광역시 서구,상무대로967번길,광주광역시 서구 상무대로967번길,2,0,0,2,0,35.1534413,126.8678341
광주광역시 서구,내방로240번길,광주광역시 서구 내방로240번길,1,0,0,1,0,35.1569442,126.8674922
광주광역시 서구,월드컵4강로112번길,광주광역시 서구 월드컵4강로112번길,1,0,1,1,0,35.1468743,126.8739945
광주광역시 서구,상무오월로43번길,광주광역시 서구 상무오월로43번길,2,0,1,2,0,35.1561305,126.8642818
광주광역시 서구,상일로14번길,광주광역시 서구 상일로14번길,1,0,0,1,0,35.156705,126.8640302
광주광역시 서구,월드컵4강로116번길,광주광역시 서구 월드컵4강로116번길,1,0,0,2,0,35.1471743,126.8730142
광주광역시 서구,상일로42번길,광주광역시 서구 상일로42번길,1,0,0,2,0,35.1596626,126.8643953
광주광역시 서구,내방로211번길,광주광역시 서구 내방로211번길,1,0,0,3,0,35.1586621,126.8637704
광주광역시 서구,계수로51번길,광주광역시 서구 계수로51번길,2,0,1,2,0,35.1610336,126.856497
광주광역시 서구,칠성로,광주광역시 서구 칠성로,5,0,2,5,0,35.1663461,126.8685487
광주광역시 서구,내방로306번길,광주광역시 서구 내방로306번길,1,0,0,1,0,35.1568112,126.874044
광주광역시 서구,화운로193번길,광주광역시 서구 화운로193번길,1,0,0,4,0,35.1561434,126.8737565
광주광역시 서구,상무대로1005번길,광주광역시 서구 상무대로1005번길,5,0,0,6,1,35.1536056,126.8717136
광주광역시 서구,염화로,광주광역시 서구 염화로,14,0,2,17,0,35.1402574,126.8763814
광주광역시 서구,염화로40번길,광주광역시 서구 염화로40번길,1,0,0,0,1,35.1372166,126.8746285
광주광역시 서구,월드컵4강로28번길,광주광역시 서구 월드컵4강로28번길,4,0,0,4,0,35.1405104,126.8791874
광주광역시 서구,월드컵4강로42번길,광주광역시 서구 월드컵4강로42번길,3,0,0,3,0,35.1418769,126.8788185
광주광역시 서구,화정로179번길,광주광역시 서구 화정로179번길,1,0,0,1,1,35.1479321,126.8769685
광주광역시 서구,염화로134번길,광주광역시 서구 염화로134번길,2,0,0,2,0,35.141728,126.879452
광주광역시 서구,상무버들로,광주광역시 서구 상무버들로,6,0,1,6,1,35.1643534,126.859228
광주광역시 서구,염화로160번길,광주광역시 서구 염화로160번길,1,0,0,1,0,35.1425134,126.8825353
광주광역시 서구,상무버들로16번길,광주광역시 서구 상무버들로16번길,1,0,0,1,0,35.1653337,126.8620702
광주광역시 서구,염화로115번길,광주광역시 서구 염화로115번길,1,0,0,4,0,35.1438158,126.876977
광주광역시 서구,상무버들로40번길,광주광역시 서구 상무버들로40번길,1,0,0,1,0,35.1655669,126.8594352
광주광역시 서구,상무버들로53번길,광주광역시 서구 상무버들로53번길,1,0,0,2,0,35.1639938,126.8569491
광주광역시 서구,염화로57번길,광주광역시 서구 염화로57번길,1,0,0,2,0,35.1396838,126.8716468
광주광역시 서구,유덕둑길,광주광역시 서구 유덕둑길,2,0,1,2,0,35.1687075,126.8345029
광주광역시 서구,화운로83번길,광주광역시 서구 화운로83번길,1,0,1,1,0,35.1469937,126.8776092
광주광역시 서구,화운로125번길,광주광역시 서구 화운로125번길,1,0,1,0,0,35.1502027,126.8773294
광주광역시 서구,화운로176번길,광주광역시 서구 화운로176번길,1,0,0,1,0,35.1546079,126.8787517
광주광역시 서구,내방로343번길,광주광역시 서구 내방로343번길,2,0,0,2,0,35.1584433,126.8782566
광주광역시 서구,내방로353번길,광주광역시 서구 내방로353번길,2,0,1,2,0,35.1581763,126.8794427
광주광역시 서구,화운로230번길,광주광역시 서구 화운로230번길,14,0,1,21,4,35.1590652,126.8794218
광주광역시 서구,상무대로1081번길,광주광역시 서구 상무대로1081번길,3,0,1,2,0,35.1545554,126.8798686
광주광역시 서구,화운로99번길,광주광역시 서구 화운로99번길,1,0,0,1,0,35.1485756,126.8782329
광주광역시 서구,군분2로,광주광역시 서구 군분2로,6,0,0,9,0,35.156016,126.8808833
광주광역시 서구,군분2로60번길,광주광역시 서구 군분2로60번길,1,0,0,2,0,35.1581374,126.8820207
광주광역시 서구,화정로,광주광역시 서구 화정로,1,0,2,1,0,35.1462155,126.8736359
광주광역시 서구,학생독립로22번길,광주광역시 서구 학생독립로22번길,1,0,1,0,0,35.1501909,126.9054367
광주광역시 서구,염화로31번길,광주광역시 서구 염화로31번길,3,0,0,3,0,35.1363031,126.870715
광주광역시 서구,화운로309번길,광주광역시 서구 화운로309번길,1,0,0,1,0,35.1672198,126.8764226
광주광역시 서구,죽봉대로119번길,광주광역시 서구 죽봉대로119번길,3,0,1,1,1,35.1647654,126.8822235
광주광역시 서구,죽봉대로78번길,광주광역시 서구 죽봉대로78번길,1,0,1,0,0,35.1602412,126.8851344
광주광역시 서구,천변우로,광주광역시 서구 천변우로,6,0,0,17,1,35.1604728,126.895958
광주광역시 서구,내방로418번길,광주광역시 서구 내방로418번길,1,0,0,1,0,35.1582389,126.8867535
광주광역시 서구,대남대로472번길,광주광역시 서구 대남대로472번길,2,0,0,3,0,35.1523651,126.8860554
광주광역시 서구,발산로,광주광역시 서구 발산로,1,0,0,1,0,35.1577469,126.8942043
광주광역시 서구,화정로244번길,광주광역시 서구 화정로244번길,3,0,1,2,0,35.1455233,126.8849965
광주광역시 서구,화정로253번길,광주광역시 서구 화정로253번길,1,0,0,1,0,35.149945,126.8820003
광주광역시 서구,양동로,광주광역시 서구 양동로,1,0,0,1,0,35.1556415,126.8990489
광주광역시 서구,운천로113번길,광주광역시 서구 운천로113번길,1,0,0,1,0,35.1430336,126.8570282
광주광역시 서구,상일로64번길,광주광역시 서구 상일로64번길,1,0,0,1,0,35.1606695,126.8644005
광주광역시 서구,무진대로772번길,광주광역시 서구 무진대로772번길,1,0,1,0,0,35.1609677,126.8649109
광주광역시 서구,광천효광길,광주광역시 서구 광천효광길,1,0,0,4,0,35.1677616,126.8804739
광주광역시 서구,죽봉대로147번길,광주광역시 서구 죽봉대로147번길,2,0,0,1,1,35.166658,126.8824748
광주광역시 서구,금화로383번길,광주광역시 서구 금화로383번길,2,0,0,2,0,35.1432286,126.8868057
광주광역시 서구,상무버들로54번길,광주광역시 서구 상무버들로54번길,1,0,0,1,0,35.1655174,126.8582267
광주광역시 서구,광천2길,광주광역시 서구 광천2길,1,0,0,1,0,35.164944,126.8803461
광주광역시 서구,빛고을대로,광주광역시 서구 빛고을대로,3,0,0,4,0,35.1633056,126.8552532
광주광역시 서구,동천로,광주광역시 서구 동천로,1,0,0,1,0,35.1696357,126.8597686
광주광역시 서구,하남대로710번길,광주광역시 서구 하남대로710번길,3,0,1,2,0,35.1700951,126.8704674
광주광역시 서구,하남대로734번길,광주광역시 서구 하남대로734번길,1,0,0,1,0,35.1703569,126.873004
광주광역시 서구,유림로98번길,광주광역시 서구 유림로98번길,9,0,0,12,2,35.1710987,126.8667526
광주광역시 서구,동천로18번길,광주광역시 서구 동천로18번길,1,0,0,2,0,35.1701651,126.8614042
광주광역시 서구,유림로98번길,광주광역시 서구 유림로98번길,1,0,0,4,0,35.1710987,126.8667526
광주광역시 서구,하남대로680번길,광주광역시 서구 하남대로680번길,1,0,0,1,0,35.1704793,126.8666739
광주광역시 서구,하남대로502번길,광주광역시 서구 하남대로502번길,1,0,1,0,0,35.1736367,126.8480958
광주광역시 서구,임암길11번길,광주광역시 서구 임암길11번길,1,0,0,3,0,35.0978824,126.8488486
