설치 지점명,지역(구),지역(동),세부주소,행정동,위도,경도
우아롯데아파트,덕진구,우아동 ,우아동 2동 887,우아2동       ,35.83251021,127.1678241
여의동우체국전북은행,덕진구,여의동,여의동2가 696,여의동        ,35.8714162,127.0765838
기린대로경제통상진흥원,덕진구,팔복동,팔복동2가 550,팔복동        ,35.85976063,127.0925275
팔복근린상가,덕진구,팔복동,팔복동 2가 250-21,팔복동        ,35.85328787,127.1051683
추천대교,덕진구,팔복동,팔복동 2가 14-5,팔복동        ,35.85120122,127.1094132
추천대교,덕진구,팔복동,팔복동 2가 11-2,팔복동        ,35.85157764,127.1096381
우아우성아파트,덕진구,우아동 ,우아동 3가 594-23,우아1동       ,35.85520293,127.1556484
완산고입구,완산구,효자동,효자동2가 876-2,효자4동       ,35.79891077,127.0912046
전주박물관전주역사박물관,완산구,효자동,효자동2가 759-19,효자4동       ,35.80003655,127.0934669
전라북도교육청 동암고,완산구,효자동,효자동 2가 368-1,효자4동       ,35.8028949,127.1031382
중앙여고,덕진구,우아동 ,우아2동 904-10,우아2동       ,35.82981818,127.1691079
전라고,덕진구,송천동,송천동1가 482-3,송천2동       ,35.8605886,127.1211436
송천주공2단지(오송초교),덕진구,송천동,송천동2가 1283,송천1동       ,35.86405704,127.1264262
기린대로.원대한방병원,덕진구,덕진동,덕진동2가 137-2,덕진동        ,35.8479443,127.1161949
기린대로.원대한방병원,덕진구,덕진동,덕진동2가 54-8,덕진동        ,35.84824786,127.1167651
호성동주민센터,덕진구,호성동,호성동 1가 산27-1(호성동),,35.86374311,127.1503615
유연로중산공원,완산구,서신동,서신동 916 (중화산2동),,35.82523671,127.1204639
KT북전주지점,덕진구,덕진동,덕진동1가 1402-18,덕진동        ,35.84310173,127.1230835
기린대로덕진공원,덕진구,덕진동,덕진동1가 1357-8,덕진동        ,35.84624591,127.1196944
전북대학교.한나여성병원앞,덕진구,덕진동,덕진동1가 1273-19,덕진동        ,35.8428057,127.1247332
전북대학교.농협앞,덕진구,덕진동,덕진동1가 1267-1,덕진동        ,35.84250102,127.1251577
전북대학교.소나무한의원앞,덕진구,덕진동,덕진동1가 1265-14,덕진동        ,35.84140298,127.1270607
전북대학교.덕진성당앞,덕진구,덕진동,덕진동1가 1266-22,덕진동        ,35.84295672,127.1251972
전북일보사,덕진구,금암동 ,금암동 796,금암1동       ,35.8384609,127.1311667
안골,덕진구,인후동,인후동1가 768-8,인후1동       ,35.83675952,127.1553603
전북대정문.덕진소방서,덕진구,금암동 ,금암동 728-107,금암1동       ,35.84113172,127.1332137
전북대학병원입구,덕진구,인후동,인후동2가 1530-22,인후2동       ,35.84466416,127.1453501
한국장애인고용공단전북지사,덕진구,인후동,인후동2가 1573-2,인후2동       ,35.84642572,127.1511171
금암1동주민센터,덕진구,금암동 ,금암동 470-13,금암1동       ,35.83678745,127.133639
금암중앙하이츠,덕진구,금암동 ,금암동 526-21,금암1동       ,35.83806254,127.1376927
금암중앙하이츠,덕진구,금암동 ,금암동 561-22,금암2동       ,35.83893341,127.1383149
사대부고사거리,덕진구,금암동 ,금암2동 1587-11,금암2동       ,35.84259848,127.1399216
금암광장,덕진구,금암동 ,금암동 452-8,금암1동       ,35.8330062,127.1373989
금암광장.청담한방병원,덕진구,금암동 ,금암동 451-1,금암1동       ,35.83369489,127.1364274
모래내시장,덕진구,인후동,인후동2가 236-137,인후2동       ,35.83305726,127.1454977
모래내,덕진구,진북동,진북동 336-21,진북동        ,35.83203886,127.1437315
기린대로현대병원,덕진구,진북동,진북동 287-3,진북동        ,35.82894399,127.1428326
기린대로현대병원,덕진구,진북동,진북동 321-7,진북동        ,35.82930275,127.1429956
청소년상담센터.원광신협,덕진구,진북동,진북동 366-1,진북동        ,35.83141844,127.1387167
한국은행.청소년상담센터,덕진구,진북동,진북동 372-1,진북동        ,35.83032546,127.1391497
송천대명아파트,덕진구,송천동,송천동1가 834-4,송천2동       ,35.8630123,127.1147869
중앙시장,완산구,서노송동 ,서노송동 648-34,노송동        ,35.8261437,127.1438844
중앙시장.중앙성당.방송대,완산구,서노송동 ,서노송동 639-40,노송동        ,35.82397975,127.1446291
중앙시장.세이브존,완산구,서노송동 ,서노송동 632-4,노송동        ,35.82440898,127.1447894
대우빌딩,완산구,중노송동 ,중노송동 388-7,노송동        ,35.82578923,127.1465455
전주농협,완산구,서노송동 ,서노송동 568-80,노송동        ,35.82651832,127.1463739
전주시청.노송동시외버스정류소,완산구,서노송동 ,서노송동 568-136,노송동        ,35.82307474,127.1496793
전주시청.노송동시외버스정류소,완산구,서노송동 ,서노송동 568-78,노송동        ,35.82471365,127.1484427
서신제일비사벌아파트,완산구,서신동,서신동 796-4,서신동        ,35.83203405,127.1137066
전북은행경원지점,완산구,경원동,경원동3가 35-10,풍남동        ,35.8209676,127.1460537
북문,완산구,고사동 ,고사동 11-6,중앙동        ,35.82067316,127.1459659
백제대로효자광장,완산구,효자동,효자동1가 639,효자1동       ,35.80664945,127.1233829
CTS전북방송,완산구,경원동,경원동3가 41-1,풍남동        ,35.8199967,127.1464071
전동성당.한옥마을,완산구,전동,전동 55,풍남동        ,35.81459568,127.1481687
전동성당.한옥마을,완산구,전동,전동 55,풍남동        ,35.81462071,127.1483569
남부시장,완산구,전동,전동 191-1,풍남동        ,35.81273721,127.1488857
남부시장,완산구,전동,전동 253-3,풍남동        ,35.81132263,127.149731
완산동시외버스정류소,완산구,서완산동,서완산동1가 472-2,완산동        ,35.81220216,127.1392574
근영여고,완산구,중화산동,중화산동2가 652-1,중화산2동     ,35.81746507,127.1232624
기린대로 병무청,완산구,경원동,경원동3가 1-6,풍남동        ,35.82102609,127.1521419
효자현대아파트,완산구,효자동,효자동1가 424-5,효자3동       ,35.80556704,127.1130209
안행교,완산구,효자동,효자동1가 281-3,효자2동       ,35.8064225,127.1180029
효자광장,완산구,효자동,효자동1가 297-21,효자2동       ,35.80631791,127.1208655
효자광장,완산구,효자동,효자동1가 270-13,효자2동       ,35.80596921,127.1222621
효자주공3단지,완산구,효자동,효자동1가 144-4,효자1동       ,35.80703339,127.1309039
서부시장,완산구,효자동,효자동1가 186-3,효자1동       ,35.80600325,127.1259627
농협평화지소,완산구,평화동,평화동1가 632,평화2동       ,35.79506129,127.1313516
평화삼성강남아파트,완산구,평화동,평화동2가 300-3,평화2동       ,35.78844676,127.1307378
꽃밭정이네거리,완산구,평화동,평화동1가 711-3,평화2동       ,35.79654849,127.1355809
평화주공1.2단지,완산구,평화동,평화동1가 408-3,평화1동       ,35.798558,127.1414213
완산여고,완산구,평화동,평화동1가 408-4,평화1동       ,35.79770557,127.1390222
장승백이,완산구,평화동,평화동1가 434-23,평화1동       ,35.79936984,127.143604
서서학우정목련아파트,완산구,서서학동 ,서서학동 337-16,서서학동      ,35.80104093,127.1463865
평화코오롱아파트,완산구,평화동,평화동1가 732-4,평화2동       ,35.79356814,127.132253
공수내다리,완산구,서서학동 ,서서학동 150-2,서서학동      ,35.80524638,127.1495302
진북우성아파트후문,덕진구,진북동,진북동 1169,진북동        ,35.83221319,127.1326016
우아중,덕진구,우아동 ,우아동3가 602-50,우아1동       ,35.85354059,127.1545361
기린중,덕진구,우아동 ,우아동3가 743-10,우아1동       ,35.85455441,127.1576002
전주역첫마중길,덕진구,우아동 ,우아동3가 235,우아1동       ,35.8488499,127.1588352
북일초교,덕진구,인후동,인후동1가 755-8,인후1동       ,35.84087789,127.1552127
백제대로한국전기안전공사,덕진구,우아동 ,우아동3가 747-50,우아1동       ,35.847482,127.155015
기린대로 병무청,완산구,중노송동 ,중노송동 547-12,노송동        ,35.82134554,127.1524016
동중학교,덕진구,인후동,인후동1가 572-2(인후1동),인후1동      ,35.83842578,127.1511811
오목대.한옥마을,완산구,풍남동,풍남동3가 20-1,풍남동        ,35.8162542,127.1548839
유일여고.쌍용아파트,덕진구,인후동,인후동1가 500-82,인후1동       ,35.83723305,127.1581907
송천삼거리 롯데마트,덕진구,송천동,송천동1가 380-43,송천2동       ,35.85538448,127.1198242
서원로완산구청네거리,완산구,효자동,효자동1가 593-4,효자2동       ,35.81265423,127.1175479
충경로 객사,완산구,중앙동,중앙동3가 1-1,중앙동        ,35.81819855,127.1450718
충경로 객사,완산구,중앙동,중앙동3가 1-39,중앙동        ,35.81798392,127.1454202
서문,완산구,다가동,다가동3가 94-13,중앙동        ,35.8167323,127.1411183
송천주공아파트,덕진구,송천동,송천동2가 1271,송천1동       ,35.86810687,127.1272208
송천롯데아파트,덕진구,송천동,송천동2가 561-20,송천2동       ,35.86671868,127.1144198
도립국악원,덕진구,덕진동,덕진동2가 167-18,덕진동        ,35.84907486,127.1189103
충경로KT전주지사,완산구,경원동,경원동1가 2-9,풍남동        ,35.81872473,127.1479088
동부시장,완산구,풍남동,풍남동1가 10-2,풍남동        ,35.81964957,127.1508588
예수병원,완산구,중화산동,중화산동1가 303-1,중화산1동     ,35.81322379,127.1327629
예수병원,완산구,중화산동,중화산동1가 303-5,중화산1동     ,35.81358862,127.1328394
전주상업정보고,완산구,중화산동,중화산동2가 534-4,중화산1동     ,35.81186949,127.1253843
상산고,완산구,효자동,효자동1가 486-2,효자2동       ,35.80362255,127.1169795
전북대학병원내,덕진구,금암동 ,금암동 634-18,금암2동       ,35.8457004,127.1423653
한국건강관리협회,덕진구,덕진동,덕진동1가 1407-1,덕진동        ,35.84036684,127.1204101
동전주우체국,덕진구,인후동,인후동2가 1534,인후2동       ,35.84463013,127.1466499
삼호아파트,덕진구,인후동,인후1동 533-3,인후1동       ,35.83820735,127.1622448
준한방병원,완산구,중화산동,중화산동 1가 252-26,중화산1동     ,35.81235,127.1299393
이마트,완산구,서신동,서신동 784-1,서신동        ,35.83209104,127.1208336
삼천흥건2차아파트,완산구,삼천동,삼천동1가 638-1,삼천2동       ,35.79602062,127.1170111
서신현대아파트,완산구,서신동,서신동 791,서신동        ,35.83213953,127.1176122
서신현대아파트,완산구,서신동,서신동 765-1,서신동        ,35.83230921,127.1176444
천사마을,완산구,중노송동 ,중노송동 221-19,노송동        ,35.82357488,127.158466
서곡엘지아파트,완산구,효자동,효자동3가 1456-1,효자4동       ,35.8342444,127.0992055
하인교마을,덕진구,우아동 ,우아동1가 1088-3,우아2동       ,35.82765841,127.1709012
호성진흥3단지,덕진구,호성동,호성동2가 631-80,호성동        ,35.86634247,127.1473127
서신남양아파트,완산구,서신동,서신동 764-1,서신동        ,35.83367417,127.1152634
서신중흥아파트,완산구,서신동,서신동 962-4,서신동        ,35.83408798,127.1153857
정암마을,덕진구,장동,장동 532-1,여의동        ,35.86260577,127.0628015
전북선거관리위원회,완산구,효자동,효자동2가 1255-1,효자4동       ,35.81353899,127.1048003
풍남문,완산구,전동,전동 161-2,풍남동        ,35.81349842,127.147122
도시첨단산업단지,덕진구,팔복동,팔복동 2가 616-27,팔복동        ,35.86308036,127.0852655
완산소방서,완산구,삼천동,삼천동1가 603-1,삼천2동       ,35.7985201,127.1175094
아중대우아파트,덕진구,우아동 ,우아동2가 561-6,우아2동       ,35.83422165,127.1676734
삼천지구대,완산구,삼천동,삼천동1가 536-1,삼천1동       ,35.79971167,127.1204045
반월주공아파트,덕진구,반월동,반월동 422-21,조촌동        ,35.87383249,127.0726102
고용노동부전주지청,덕진구,인후동,인후동1가 846-8,인후3동       ,35.83496455,127.164976
서신광진산업아파트,완산구,서신동,서신동 958-3,서신동        ,35.8337847,127.1099467
효자엘드아파트,완산구,효자동,효자동2가 115,효자4동       ,35.81345643,127.1081274
효자한양운남아파트,완산구,효자동,효자동1가 635-1,효자2동       ,35.8100333,127.1228758
영동고덕아파트,완산구,색장동,색장동 417-1,동서학동      ,35.7992667,127.1785802
전주출입국외국인사무소,덕진구,호성동,호성동 산27-4,호성동        ,35.86273498,127.1507343
중화산동현대아파트,완산구,중화산동,중화산동2가 28-2,중화산1동     ,35.81169705,127.1290271
전주공고,덕진구,여의동,여의동 558-37,여의동        ,35.8650508,127.0805718
풍남중,완산구,삼천동,삼천동1가 596-1,삼천1동       ,35.79917526,127.1170135
풍남중,완산구,삼천동,삼천동 1가 719,효자3동       ,35.79961,127.1166981
새전주요양병원,덕진구,여의동,여의동 1235-33,여의동        ,35.87076042,127.0728095
전일여객,덕진구,덕진동,덕진동2가 73-1,덕진동        ,35.84944843,127.1142691
거산황궁아파트,완산구,동서학동 ,동서학동 267-8,동서학동      ,35.80588599,127.1525165
남고사입구,완산구,동서학동 ,동서학동 863-21,동서학동      ,35.80751107,127.1579131
마전교.본병원,완산구,중화산동,중화산동2가 74,중화산2동     ,35.82531421,127.1150546
산정우정신세계아파트,덕진구,산정동 ,산정동 803-1,우아2동       ,35.84195743,127.1667592
면허시험장월드컵경기장,덕진구,여의동,여의동 1144-7,여의동        ,35.86418729,127.0696762
신흥중고등학교,완산구,중화산동,중화산동1가 18,중화산1동     ,35.81577568,127.1376652
서곡초교,완산구,효자동,효자동3가 1520,효자4동       ,35.83287355,127.0997053
동중학교,덕진구,인후동,인후동2가 13-4,인후2동       ,35.83782996,127.1507513
양지중학교,완산구,평화동,평화동2가 604,평화2동       ,35.79369866,127.1254315
서부신시가지아이파크,완산구,효자동,효자동3가 1520,효자4동       ,35.82747521,127.1062005
인후시립도서관,덕진구,우아동 ,우아동3가 산124-1,우아2동       ,35.83872307,127.1645687
효자휴먼시아 3단지,완산구,효자동,효자동2가 1201-2,효자4동       ,35.8089394,127.1013482
호반베르디움아파트,완산구,효자동,효자동3가 1548,효자4동       ,35.8252457,127.108368
마당재,덕진구,인후동,인후동1가 926-4,인후3동       ,35.82493459,127.1633817
평화동도미소드림아파트,완산구,평화동,평화동2가 889-3,평화2동       ,35.78581599,127.1296382
평화코오롱아파트,완산구,평화동,평화동1가 707-3,평화2동       ,35.7944849,127.1321802
동서학거산황궁아파트,완산구,동서학동 ,동서학동 267-11,동서학동      ,35.80678798,127.1537716
산정우정신세계아파트,덕진구,산정동 ,산정동 800-11,우아2동       ,35.84221628,127.1670659
인후1동주민센터,덕진구,인후동,인후동 1가 765-24,인후1동       ,35.838455,127.1561927
호성동엘지동아아파트,덕진구,호성동,호성동 1가 738-75,호성동        ,35.85527563,127.1510297
KT북전주지점,덕진구,덕진동,덕진동1가 1402-18,덕진동        ,35.84292878,127.1231824
고속버스터미널.불교회관,덕진구,금암동 ,금암동 782-11,금암1동       ,35.83390745,127.1305492
송천대명아파트,덕진구,송천동,송천동2가 531-19,송천2동       ,35.86366623,127.1143669
전북은행본점,덕진구,금암동 ,금암동 670-3,금암1동       ,35.84009301,127.131432
어은골,완산구,태평동,태평동 290-2,중앙동        ,35.8244905,127.1325589
전주고등학교,완산구,중노송동 ,중노송동 469-2,노송동        ,35.8242705,127.1525654
화산체육관.전주시립도서관꽃심,완산구,중화산동,중화산동2가 676,중화산2동     ,35.81981826,127.1225729
한마음병원.전주병원,완산구,중화산동,중화산동2가 676,중화산1동     ,35.81413825,127.1233307
흑석골입구,완산구,서서학동 ,서서학동 161-6,서서학동      ,35.80419902,127.1499538
공수내다리,완산구,서서학동 ,서서학동 131-3,서서학동      ,35.80600343,127.1495221
서서학우정목련아파트,완산구,서서학동 ,서서학동 367-37,서서학동      ,35.80135462,127.1462202
장승백이,완산구,평화동,평화동1가 406-3,평화1동       ,35.79971923,127.1435284
평화주공1.2단지,완산구,평화동,평화동1가 산38-2,평화1동       ,35.79883454,127.1410879
완산여고,완산구,평화동,평화동1가 583-37,평화1동       ,35.79746601,127.1373797
삼천우성아파트,완산구,삼천동,삼천동1가 709,삼천2동       ,35.79526084,127.1303553
평화동신아파트,완산구,삼천동,삼천동1가 709,삼천2동       ,35.79336774,127.1222241
한솔재활요양병원,완산구,삼천동,삼천동1가 709,삼천2동       ,35.79268095,127.1176691
서신로마전교,완산구,서신동,서신동 878,서신동        ,35.82601545,127.1158097
서신신협,완산구,서신동,서신동 878,서신동        ,35.82733207,127.1156329
전주세무서.한국환경공단,완산구,효자동,효자동3가 1490,효자4동       ,35.83775456,127.1026634
서곡주공,완산구,효자동,효자동3가 1520,효자4동       ,35.83220955,127.0974221
전주시교육청.전주고용복지센터,덕진구,진북동,진북동 1121-1,진북동        ,35.830343,127.1361776
진북우성아파트.전주고용복지센터,덕진구,진북동,진북동 416-13,진북동        ,35.83101554,127.1356258
진북전자상가,덕진구,진북동,진북동 320-4,진북동        ,35.83141746,127.1402528
기린대로금암광장,덕진구,금암동 ,금암동 452-1,금암1동       ,35.8330432,127.1377309
마당재,덕진구,인후동,인후동1가 1007,인후3동       ,35.82516776,127.1631299
한국건강관리협회,덕진구,덕진동,덕진동1가 1442,덕진동        ,35.83993218,127.1195962
전주생명과학고등학교,덕진구,인후동,인후동2가 226-8,인후2동       ,35.83502944,127.1483505
인후위브어울림아파트,덕진구,인후동,인후동2가 1582-6,인후2동       ,35.8426526,127.15201
도립국악원,덕진구,덕진동,덕진동2가 184-7,덕진동        ,35.84934543,127.1196889
하가지구영무예다음,덕진구,덕진동,덕진동1가 694-2,덕진동        ,35.84168582,127.1112994
하가지구영무예다음,덕진구,덕진동,덕진동1가 681-6,덕진동        ,35.84202607,127.1113025
명주골네거리.대자인병원,덕진구,우아동,우아동 3가 741,우아1동       ,35.84573059,127.1531788
우아럭키아파트,덕진구,우아동 ,우아동3가 288-20,우아1동       ,35.84490223,127.1645124
전주역첫마중길,덕진구,우아동 ,우아동3가 746,우아1동       ,35.8483197,127.1578906
고려병원,덕진구,산정동 ,산정동 903,우아2동       ,35.83923015,127.1674858
도립여성중고 롯데마트,덕진구,송천동,송천동1가 774-28,송천1동       ,35.85361352,127.1197937
전라고,덕진구,송천동,송천동1가 113-11,송천1동       ,35.86055764,127.1215621
반월초교,덕진구,반월동,반월동 225-1,조촌동        ,35.87625094,127.0757298
흥국화재,완산구,경원동,경원동3가 65-4,풍남동        ,35.81917719,127.14684
효자광진공작아파트,완산구,삼천동,삼천동1가 138-10,삼천1동       ,35.80149939,127.1269279
효자광진맨션아파트,완산구,효자동,효자동1가 221-1,효자1동       ,35.80397906,127.1243747
기린대로금암광장,덕진구,금암동 ,금암동 496-1,금암2동       ,35.83345839,127.1378359
덕일초중,덕진구,덕진동,덕진동2가 128-7,덕진동        ,35.84909503,127.1138527
기린대로덕진공원,덕진구,덕진동,덕진동1가 1342-12,덕진동        ,35.84574561,127.1213678
여의동우체국,덕진구,반월동,반월동 247-8,조촌동        ,35.8723613,127.0759173
반월동 삼오아파트,덕진구,반월동,반월동 388-5,조촌동        ,35.87385833,127.0701377
모래내시장,덕진구,인후동,인후동2가 236-165,인후2동       ,35.83301705,127.1449033
인후부영2차아파트,덕진구,인후동,인후동1가 890-1,인후3동       ,35.82924961,127.1643073
사대부고사거리,덕진구,금암동 ,금암1동 1591-14,금암2동       ,35.84346261,127.1410842
한솔재활요양병원,완산구,삼천동,삼천동1가 721,삼천2동       ,35.79232349,127.1179545
서신동주민센터,완산구,서신동,서신동 814-1,서신동        ,35.83046736,127.1157381
송천현대아파트,덕진구,송천동,송천동2가 208,송천1동       ,35.86617907,127.127061
시외버스터미널,덕진구,금암동 ,금암동 459-4,금암1동       ,35.83411679,127.1335312
시외버스터미널,덕진구,금암동 ,금암동 460-30,금암1동       ,35.83437333,127.1332862
팔달로 예술회관,완산구,경원동,경원동1가 108-2,풍남동        ,35.81708281,127.1473015
삼천오성대우아파트,완산구,삼천동,삼천동1가 705,삼천2동       ,35.79719125,127.1261199
완산동시외버스정류소,완산구,서완산동,서완산동1가 290,완산동        ,35.81225757,127.1390367
외환은행,완산구,고사동 ,고사동 33-1,중앙동        ,35.81950149,127.1464788
용머리고개,완산구,서완산동,서완산동1가 143-1,완산동        ,35.80905101,127.136907
이마트,완산구,서신동,서신동 767-2,서신동        ,35.83229843,127.1208405
인봉초교,덕진구,인후동,인후동1가 918-1,인후3동       ,35.82726625,127.165743
동부대로전주역,덕진구,우아동 ,우아동3가 745-93,우아1동       ,35.85042866,127.160103
고용노동부전주지청,덕진구,인후동,인후동1가 807-8,인후3동       ,35.8351482,127.1649914
조촌초교,덕진구,여의동,여의동 669,여의동      ,35.86812128,127.0779079
평화그린1차아파트,완산구,평화동,평화동1가 896-1,평화2동       ,35.78420517,127.1299876
인후초교,덕진구,인후동,인후동1가 851-9,인후3동       ,35.83299303,127.1628757
팔복주유소,덕진구,팔복동,팔복동1가 140-1,팔복동        ,35.85454879,127.1038129
평화동신아파트,완산구,삼천동,삼천동1가 258-2,삼천2동       ,35.79306214,127.1225346
주공4단지.꽃밭정이아파트,완산구,평화동,평화동2가 230-27,평화2동       ,35.79175305,127.1317749
전주덕진소방서,덕진구,금암동 ,금암동 624-8,금암1동       ,35.84088606,127.1340966
호성동아아파트,덕진구,호성동,호성동1가 785-1,호성동        ,35.85959779,127.1537444
삼천흥건1차아파트,완산구,삼천동,삼천동1가 600-3,삼천2동       ,35.79404556,127.117009
삼천흥건1차아파트,완산구,삼천동,삼천동1가 300-32,삼천3동       ,35.79420696,127.1167361
금암시립도서관,덕진구,금암동 ,금암2동 523-120,금암2동       ,35.83642889,127.1371527
국민은행금암지점,덕진구,금암동 ,금암동 796,금암1동       ,35.8379584,127.1314117
서부시장,완산구,효자동,효자동1가 195-15,효자1동       ,35.80600367,127.1271367
여울초교,완산구,서신동,서신동 931-1,서신동        ,35.83637476,127.1123112
호성동신아파트,덕진구,호성동,호성동1가 753-1,호성동        ,35.85815573,127.1552294
이편한세상 우아,덕진구,우아동 ,우아동3가 762-1,우아1동       ,35.85440409,127.1556183
북일초교,덕진구,인후동,인후동1가 755-12,인후1동       ,35.84067342,127.1548971
아중현대아파트,덕진구,인후동,인후동1가 981,인후3동       ,35.83178082,127.1679203
중앙여고,덕진구,우아동 ,우아2동 903-1,인후3동       ,35.83007524,127.1687911
인후부영6차아파트,덕진구,인후동,인후동1가 920-2,인후3동       ,35.8268367,127.1676846
동부시장,완산구,경원동,경원동3가 90-17,풍남동        ,35.81983521,127.1505831
평화그린2차아파트,완산구,평화동,평화동2가 896-2,평화2동       ,35.78558901,127.1341345
전주생명과학고등학교,덕진구,인후동,인후동2가 226-116,인후2동       ,35.83506423,127.1475927
우아럭키아파트,덕진구,우아동 ,우아동3가 285-5,우아1동       ,35.84416667,127.1646335
명주골네거리.대자인병원,덕진구,우아동,우아동 3가 741,인후2동       ,35.84548171,127.1528784
신흥중고등학교,완산구,중화산동,중화산동1가 196-1,중화산1동     ,35.81550005,127.1376564
서전주중,완산구,효자동,효자동1가 373-3,효자3동       ,35.81094588,127.1145501
송북초교,덕진구,송천동,송천동2가 193-52,송천1동       ,35.8639091,127.1237257
근영여고,완산구,중화산동,중화산동2가 579-1,중화산2동     ,35.81698235,127.1226433
삼천흥건2차아파트,완산구,삼천동,삼천동1가 638-3,삼천3동       ,35.79604654,127.1167263
서서학예그린아파트,완산구,서서학동 ,서서학동 산 214-4,서서학동      ,35.80387901,127.1486265
송천 센트럴파크,덕진구,송천동,송천동1가 293-2,송천1동       ,35.85332881,127.1193766
거마평로이동교,완산구,효자동,효자동3가 37-71,효자3동       ,35.81342648,127.1129979
고려병원,덕진구,산정동 ,산정동 853-3,우아2동       ,35.83951413,127.1674522
모래내,덕진구,진북동,진북동 325-9,진북동        ,35.83167509,127.1438408
인후아남아파트,덕진구,인후동,인후동1가 916-4,인후3동       ,35.82607147,127.1654766
기전중.기전여고,완산구,효자동,효자동3가 1628-8,효자4동       ,35.82505656,127.1012996
아중제일2차아파트,덕진구,인후동,인후동 919-4,인후3동       ,35.82629608,127.167322
호성진흥더블파크,덕진구,호성동,호성동1가 836-10,호성동        ,35.86463135,127.1489082
삼천개나리아파트,완산구,삼천동,삼천동1가 585-11,삼천2동       ,35.79853459,127.1280427
서곡주공,완산구,효자동,효자동3가 1482-3,효자4동       ,35.83193609,127.0973413
화산체육관.전주시립도서관꽃심,완산구,중화산동,중화산동2가 384-4,중화산2동     ,35.82091815,127.123135
거마평로안행교,완산구,효자동,효자동1가 441-3,효자3동       ,35.80577968,127.1166171
호성주공,덕진구,호성동,호성동1가 897-15,호성동        ,35.85784878,127.1519555
인후6거리,덕진구,인후동,인후동1가 635-10,인후1동       ,35.83321244,127.1516796
인후6거리,덕진구,인후동,인후동1가 744-2,인후1동       ,35.83310547,127.1518468
서신신일아파트,완산구,서신동,서신동 763-1,서신동        ,35.83289774,127.1119831
효자휴먼시아 1단지,완산구,효자동,효자동2가 1313-7,효자4동       ,35.80884905,127.0967214
호남제일고,완산구,효자동,효자동3가 1733-5,효자4동       ,35.81348304,127.0980738
아중대우아파트,덕진구,인후동,인후동2가 555-9,인후3동       ,35.83358,127.1675838
정암마을,덕진구,장동,장동 532-1,여의동        ,35.86184713,127.0622915
효자남양황실아파트,완산구,효자동,효자동1가 640,효자1동       ,35.80884862,127.1235401
안골,덕진구,인후동,인후동1가 783-2,인후1동       ,35.83654835,127.1548091
호반2차아파트,덕진구,장동,장동 23-1,여의동        ,35.84341507,127.0634712
호반2차아파트,덕진구,장동,장동 23-4,여의동        ,35.84380798,127.0630016
국민연금공단,덕진구,만성동,만성동 1010,여의동        ,35.8387692,127.0701188
국민연금공단,덕진구,만성동,만성동 1009,여의동        ,35.8385803,127.0702416
혁신도시상가,덕진구,장동,장동 219-1,혁신동        ,35.83798561,127.0586491
만성초등학교,덕진구,장동,장동 산34,혁신동        ,35.83692619,127.0646875
혁신호반1차아파트,덕진구,장동,장동 산35,혁신동        ,35.83694249,127.064466
만성LH퍼스트리움,덕진구,만성동,만성동 산175,여의동        ,35.8376198,127.0739395
만성LH퍼스트리움,덕진구,만성동,만성동 615-1,여의동        ,35.8369466,127.0748123
혁신호반3차아파트,덕진구,장동,장동 284-4,혁신동        ,35.8331418,127.0664632
혁신호반3차아파트,덕진구,장동,장동 332-2,혁신동        ,35.8328908,127.0668632
혁신호반5차아파트,덕진구,장동,장동 1074,여의동        ,35.84039085,127.0583432
혁신호반6차아파트,덕진구,장동,장동 236-3,여의동        ,35.84053713,127.0586071
농촌진흥청오공공원,덕진구,장동,장동 692-12,혁신동        ,35.83286486,127.0572482
우미린2차아파트,덕진구,장동,장동 194-29,여의동        ,35.8458,127.0576893
우미린2차아파트,덕진구,장동,장동 194-9,여의동        ,35.8456518,127.0578618
양동마을,덕진구,장동,장동 산 174-2,여의동        ,35.84359367,127.05431
양동마을,덕진구,장동,장동 산 174-5,여의동        ,35.84343424,127.0546661
온빛초등학교,덕진구,장동,장동 1066-1,여의동        ,35.84257278,127.0574437
온빛중학교,덕진구,장동,장동 1070-1,여의동        ,35.84277261,127.0576405
삼천신일아파트,완산구,평화동,평화동 1가 산 113-2 (평화2동),,35.79746211,127.1310987
한벽루 자만벽화마을,완산구,교동 ,교동 26-1,풍남동        ,35.81372132,127.1571239
매곡교.시립도서관,완산구,동완산동 ,동완산동 82-2,완산동        ,35.8113473,127.1457537
서신초교.아이파크이편한세상,완산구,서신동,서신동 6-20,서신동        ,35.8289759,127.1263426
마전교.본병원,완산구,서신동,서신동 865,서신동        ,35.82548646,127.1149634
서신e편한세상,완산구,서신동,서신동 973,서신동        ,35.83889384,127.1077424
삼천세창 짜임아파트,완산구,삼천동,삼천동1가 585-10,삼천1동       ,35.79863326,127.1276849
삼천쌍용1단지,완산구,삼천동,삼천동1가 589,삼천1동       ,35.80119379,127.1265317
효자주공3단지,완산구,효자동,효자동1가 157-26,효자1동       ,35.80723567,127.1305383
서곡현대아파트,완산구,효자동,효자동3가 1520,효자4동       ,35.83291087,127.0994101
전북교육문화회관,덕진구,진북동,진북동 301-70,진북동        ,35.8283769,127.1370549
인후휴먼시아아파트,덕진구,인후동,인후동1가 592-39,인후1동       ,35.83641443,127.151161
인후위브어울림아파트,덕진구,인후동,인후동1가 1032,인후1동       ,35.84295257,127.1525147
전북대학병원입구,덕진구,금암동 ,금암동 1609,금암2동       ,35.843452,127.1427722
배나무골,덕진구,금암동 ,금암동 1621,금암1동       ,35.84124683,127.1386896
오송중.예비군훈련장,덕진구,송천동,송천동2가 175-22,송천1동       ,35.86522573,127.1287752
송천주공아파트,덕진구,송천동,송천동2가 285,송천1동       ,35.86783705,127.1275128
전주IC,덕진구,반월동,반월동 851-4,조촌동        ,35.8737809,127.0604561
성덕,덕진구,성덕동,성덕동 616-1,조촌동        ,35.87621671,127.0309548
색장동,완산구,색장동,색장동 902,동서학동      ,35.79761756,127.1865738
은석동입구,완산구,색장동,색장동 887-2,동서학동      ,35.79441831,127.1930144
우전초교,완산구,효자동,효자동2가 1124,효자4동       ,35.8041452,127.1079128
서곡마을,완산구,효자동,효자동3가 1489,효자4동       ,35.83574861,127.0984654
안행교,완산구,효자동,효자동1가 287-2,효자2동       ,35.80670585,127.1175812
효자롯데아파트,완산구,효자동,효자동1가 531,효자3동       ,35.80587545,127.1128515
삼천삼익아파트막걸리골목,완산구,삼천동,삼천동1가 706,삼천1동       ,35.79739139,127.1259433
송천현대아파트,덕진구,송천동,송천동2가 220-8,송천1동       ,35.8662239,127.1273344
효자휴먼시아6단지,완산구,효자동,효자동2가 1349,효자4동       ,35.8070745,127.10387
오목대.한옥마을,완산구,풍남동,풍남동3가 14-1,풍남동        ,35.8155723,127.1544723
인후휴먼시아아파트,덕진구,인후동,인후동1가 590-113,인후1동       ,35.83623617,127.1517857
서곡엘지아파트,완산구,효자동,효자동3가 1520,효자4동       ,35.83425003,127.0986843
전주대학교,완산구,효자동,효자동3가 1167-9,효자4동       ,35.8184177,127.0921392
호성동신아파트,덕진구,호성동,호성동1가 753-1,호성동        ,35.85831731,127.1556544
서서학예그린아파트,완산구,서서학동 ,서서학동331-3,서서학동      ,35.80326509,127.1479831
대성동도로교통공단,완산구,대성동,대성동 1041,동서학동      ,35.8009501,127.1709477
동부대로신기마을,덕진구,우아동 ,우아동3가 753-1,우아1동       ,35.84647497,127.1629174
전주대학교,완산구,효자동,효자동3가 1391-1,효자4동       ,35.81852007,127.0922917
삼천주공4.5단지,완산구,삼천동,삼천동 1가 305-28,삼천3동       ,35.79235161,127.1149559
기린초교,덕진구,인후동,인후동 818-8,인후3동       ,35.83349292,127.1588467
용머리고개,완산구,서완산동,서완산동 2가 82-8,완산동        ,35.80871108,127.1351251
덕산마을,완산구,색장동,색장동 754-5,동서학동      ,35.78259605,127.1980133
완산구청,완산구,중화산동,중화산동2가 560,효자2동       ,35.81228152,127.1208052
진북동양아파트,덕진구,진북동,진북동 1141,진북동        ,35.82651846,127.1365939
반월주공아파트,덕진구,반월동,반월동 873-1,조촌동        ,35.87412321,127.072459
서신성당,완산구,서신동,서신동 306-6,서신동        ,35.82667274,127.1185121
고속버스터미널.불교회관,덕진구,금암동,금암동 796,금암1동       ,35.8343029,127.1300944
천사마을,완산구,중노송동,중노송동 788,노송동        ,35.82349591,127.1592411
상산고,완산구,효자동,효자동 1가 652,효자3동       ,35.80351383,127.1166115
평화삼성강남아파트,완산구,평화동,평화동 2가 918,평화2동       ,35.78842983,127.130503
팔복남양아파트,덕진구,팔복동,팔복동 2가 177-18,팔복동        ,35.84929956,127.1024583
서신신일아파트,완산구,서신동,서신동 878,서신동        ,35.83276897,127.1123128
하늘채아파트,완산구,중화산동,중화산동 2가 745-3,서신동        ,35.82375513,127.1158402
현대에코르아파트,완산구,중화산동,중화산동 2가 787,서신동        ,35.82461453,127.1160798
전라감영.완산경찰서,완산구,중앙동,중앙동 4가  88,중앙동        ,35.81548195,127.1459731
남고사입구,완산구,동서학동,동서학동 863-22,동서학동      ,35.80737619,127.1579588
전주제일고 입구,완산구,중노송동,중노송동 478-3,노송동        ,35.8232333,127.1544791
JTV전주방송,덕진구,만성동,만성동 291-4,여의동        ,35.8460525,127.0826759
JTV전주방송,덕진구,만성동,만성동 299-1,여의동        ,35.8459724,127.0829642
양현초등학교,덕진구,만성동,만성동 408-1,여의동        ,35.8457128,127.0729704
양현초등학교,덕진구,만성동,만성동 1132-2,여의동        ,35.8453816,127.0723798
만성골드클래스정문,덕진구,만성동,만성동 279,여의동        ,35.8461031,127.0788275
만성골드클래스정문,덕진구,만성동,만성동 283,여의동        ,35.8469706,127.0793877
만성에코르,덕진구,만성동,만성동 399-3,여의동        ,35.8448357,127.0773503
만성중흥S클래스,덕진구,만성동,만성동 399-2,여의동        ,35.8447105,127.0776389
소리실,완산구,석구동,석구동 798,평화2동,35.77152806,127.127573
황소마을,완산구,중인동,중인동 1488-5,삼천3동,35.76955585,127.0814474
송천정보학교,덕진구,송천동,송천동 2가 367,송천2동       ,35.8757968,127.1262834
송천정보학교,덕진구,송천동,송천동 2가 367-1,송천1동       ,35.8762709,127.127112
해성중고,완산구,삼천동 2가,삼천동 2가 565-5,삼천3동,35.78632728,127.1047217
삼천광진목화아파트,완산구,효자동 1가,효자동 1가 589,효자2동,35.80239317,127.1243458
예정지,덕진구,송천동,송천동 2가 1345,송천1동       ,35.8738667,127.1378576
예정지,덕진구,송천동,송천동 2가 1350-5,송천1동       ,35.8738496,127.1381457
에코데시앙5블럭,덕진구,송천동,송천동 2가 1309,송천1동       ,35.8727121,127.1337863
에코휴먼빌,덕진구,송천동,송천동 2가 1342,송천1동       ,35.8725593,127.1339642
법원검찰청,덕진구,만성동,만성동 1258-3,여의동        ,35.8437428,127.0742556
법원검찰청,덕진구,만성동,만성동 1366-3,여의동        ,35.8439959,127.0744314
만성시티프라디움,덕진구,만성동,만성동 1285-4,여의동        ,35.8388133,127.0736286
만성시티프라디움,덕진구,만성동,만성동 1319,여의동        ,35.839777,127.0746089
만성동로 만성시티프라디움,덕진구,만성동,만성동 1289-4,여의동        ,35.8398432,127.0772661
만성동로 제일풍경채아파트,덕진구,만성동,만성동 1290-1,여의동        ,35.839772,127.0775322
양마마을,덕진구,여의동,여의동 1122-3,여의동        ,35.85961184,127.0680947
송천주공2단지,덕진구,송천동,송천동 2가 186-9,송천1동       ,35.86436962,127.1270891
차량등록사업소,덕진구,호성동,호성동 1가 571-6,호성동        ,35.86637629,127.1477452
서신유창아파트,완산구,서신동,서신동 993,서신동        ,35.82666764,127.1224626
건지산이지움,덕진구,인후동,인후동 2가 1595,인후2동       ,35.8453963,127.1477652
하가부영아파트,덕진구,덕진동,덕진동 2가 702,덕진동        ,35.84327127,127.1090848
서신동주민센터,완산구,서신동,서신동 993,서신동        ,35.83139685,127.1158939
서신우신아파트,완산구,서신동,서신동 993,서신동        ,35.82626336,127.1230278
삼천우성그린아파트,완산구,삼천동,삼천동 1가 709,삼천2동       ,35.79492566,127.1262537
삼천대왕장미아파트,완산구,삼천동,삼천동 1가 709,평화2동       ,35.78977178,127.1169688
삼천주공4.5단지,완산구,삼천동,삼천동 1가 302-7,삼천3동       ,35.79261956,127.1142381
꽃밭정이네거리,완산구,평화동,평화동 1가 750,평화2동       ,35.79650315,127.1346175
삼천주공6단지,완산구,삼천동,삼천동 1가 768,삼천3동       ,35.79612176,127.1104271
동국아파트,덕진구,진북동,진북동 1141,진북동        ,35.82749939,127.1332708
하가부영아파트,덕진구,덕진동,덕진동 2가 702,덕진동        ,35.8433088,127.1092836
기자촌입구.한옥마을서해그랑블,완산구,중노송동,중노송동 354-2,노송동        ,35.82708046,127.1536531
평화신기마을,완산구,석구동,석구동 622-3,평화2동       ,35.77317756,127.1276944
원석구마을,완산구,석구동,석구동 207-9,평화2동       ,35.76294285,127.1257924
새마을금고.한국국토정보공사,덕진구,인후동,인후동 2가 1592,인후2동       ,35.84549391,127.1496674
완산구청,완산구,중화산동,중화산동 2가 560,중화산2동     ,35.81263555,127.1186878
기자촌입구.한옥마을서해그랑블,완산구,중노송동,중노송동 388-7,노송동        ,35.82776073,127.1542925
삼천광진목화아파트,완산구,삼천동 ,삼천동 1가 589,삼천1동       ,35.80227427,127.1246848
삼산리입구,완산구,삼천동,삼천동 3가 927,삼천3동       ,35.79681009,127.0876529
효자로전라북도도청,완산구,효자동,효자동 3가 1554,효자5동       ,35.8189981,127.1080671
효자로전라북도도청,완산구,효자동,효자동 3가 1554,효자5동       ,35.81918961,127.1076828
기린네거리,덕진구,인후동,인후동 1가 626-4,인후1동       ,35.83345252,127.1550529
화약골,덕진구,인후동,인후동 1가 255-3,인후3동       ,35.83007349,127.157249
기린초교,덕진구,인후동,인후동 1가 975,인후3동       ,35.83379185,127.1590637
종합경기장,덕진구,덕진동,덕진동 1442,덕진동        ,35.83627383,127.1252076
종합경기장,덕진구,덕진동,덕진동 1가 1442,덕진동        ,35.83650057,127.1246408
휴비스전주공장,덕진구,팔복동,팔복동 2가 311-1,팔복동        ,35.85805152,127.0964678
송북초교,덕진구,송천동,송천동 2가 산 45-9,송천1동       ,35.86363645,127.1236948
전주제일고 입구,완산구,중노송동,중노송동 231-1,노승동        ,35.82294804,127.1553494
승암마을,완산구,동서학동 ,동서학동 939-6,동서학동      ,35.80965565,127.1622352
중산타운,완산구,중화산동,중화산동2가 406-14,중화산2동    ,35.8160768,127.1180911
한마음병원.전주병원,완산구,중화산동,중화산동 2가 676,중화산 2동    ,35.81342411,127.1227635
삼천신일아파트,완산구,삼천동,삼천동1가 709,삼천2동      ,35.7974818,127.1303768
양지중학교,완산구,삼천동,삼천동1가 709,삼천2동      ,35.79380545,127.1241531
효자광진맨션아파트,완산구,효자동,효자동1가 581,효자2동      ,35.80313307,127.1244719
전주우체국,완산구,효자동,효자동2가 1267,효자4동      ,35.81431468,127.1061216
보훈지청 롯데마트,완산구,효자동,효자동2가 1268,효자4동      ,35.81647317,127.1019943
경찰청,완산구,효자동,효자동3가 1780,효자4동      ,35.82516699,127.1048125
호남제일고,완산구,효자동,효자동3가 1885,효자4동      ,35.81379234,127.0979649
경기장거성아파트,덕진구,덕진동,덕진동1가 1442,덕진동        ,35.83689022,127.1210889
경기장거성아파트,덕진구,덕진동,덕진동 1가 1442,덕진동        ,35.83700157,127.1214359
팔복예술공장,덕진구,팔복동,팔복동 2가 294-5,팔복동        ,35.85588544,127.1005933
기린중,덕진구,우아동,우아동 3가 743,우아1동       ,35.85423569,127.1581839
동부대로전주역,덕진구,우아동,우아동 3가 746,우아1동       ,35.84881087,127.1606349
하인교마을,덕진구,우아동,우아동 2가  976,우아2동       ,35.82786676,127.17066
반월동 삼오아파트,덕진구,반월동,반월동 873-1,조촌동        ,35.8741509,127.0701631
시외고속간이터미널,덕진구,여의동 ,여의동 1187-6,여의동        ,35.8701616,127.0689158
새전주요양병원,덕진구,여의동 ,여의동 1235-30,여의동        ,35.87073024,127.0731077
현대에코르아파트후문,완산구,중화산동,중화산동2가 788,중화산2동    ,35.82300677,127.1179522
장교리,완산구,평화동,평화동3가 868,평화2동      ,35.78525317,127.115139
풍림아이원,완산구,중화산동,중화산동2가 560(중화산2동),중화산1동   ,35.8120153,127.1257966
서신신협,완산구,서신동,서신동 878,서신동        ,35.82776457,127.1158899
삼천세경아파트,완산구,삼천동,삼천동 1가 589,삼천1동       ,35.80080631,127.1225106
삼천호반리젠시빌,완산구,삼천동,삼천동1가 730,삼천3동      ,35.79859981,127.1108342
용산리,완산구,삼천동,삼천동2가 254-3,삼천3동      ,35.79272062,127.1064242
하가더루벤스아파트,덕진구,덕진동,덕진동 2가 702,덕진동        ,35.8458897,127.1091832
하가더루벤스아파트,덕진구,덕진동,덕진동 2가 702,덕진동        ,35.84599612,127.1089495
에코더샵1차,덕진구,송천동,송천동2가 1338,송천1동      ,35.8731038,127.1292427
에코데시앙4블럭,덕진구,송천동,송천동2가 1311,송천1동      ,35.8732938,127.1294301
자연초등학교,덕진구,송천동,송천동2가 1305-1,송천1동      ,35.8770714,127.135295
자연초등학교,덕진구,송천동,송천동 2가 1307,송천1동       ,35.8768187,127.1352186
하나로클럽,덕진구,여의동,여의동 852,여의동        ,35.85238121,127.077622
동제마을,덕진구,장동,장동 532-1,여의동        ,35.85836557,127.0633489
영생고 전주대사대부고,완산구,효자동,효자동3가 1876,효자4동,35.81512963,127.0945269
효자휴먼시아 4단지 정문,완산구,효자동,효자동2가 1195,효자4동,35.8055851,127.0976538
신원아침도시.힐스테이트,완산구,효자동,효자동3가 1562,효자5동,35.81633783,127.1118704
서곡마을,완산구,효자동,효자동3가 1489,효자5동,35.83590776,127.098289
전북선거관리위원회,완산구,효자동,효자동2가 1285,효자5동,35.81372298,127.1040122
전주우체국,완산구,효자동,효자동2가 1245,효자5동,35.81454653,127.105787
유로병원,완산구,효자동,효자동2가 1267,효자5동,35.8189057,127.1033784
유로병원,완산구,효자동,효자동2가 1267,효자5동,35.81920232,127.1040732
서부신시가지아이파크,완산구,효자동,효자동3가 1779,효자5동,35.82730591,127.1057448
주공4단지.꽃밭정이아파트,완산구,평화동,평화동2가 880,평화2동,35.79083606,127.1312782
평화골드클래스.그린1차아파트,완산구,평화동,평화동2가 926,평화2동,35.78420796,127.1298915
평화동신성마을,완산구,평화동,평화동2가 226-1,평화2동,35.78849548,127.1353259
금성마을,완산구,석구동,석구동 803,평화2동,35.76465935,127.1258251
전주교도소,완산구,평화동,평화동3가 산16-1,평화2동,35.77981483,127.129658
효자다리,완산구,중화산동,중화산동2가 799,중화산2동,35.8188954,127.1143533
백제대로중산공원,완산구,중화산동,중화산동2가 710,중화산2동,35.8242611,127.1224763
한국출판문화산업진흥원,덕진구,장동 ,장동 1107,혁신동,35.83863535,127.0631068
호성로 우아중,덕진구,우아동 3가,우아동 3가 602-21,우아1동,35.85354332,127.1537574
서낭당,완산구,중노송동,중노송동 399-36,노송동,35.82899531,127.1539604
광진선수촌아파트,완산구,서신동,서신동 987,서신동,35.83396213,127.1178798
KT정보센터,완산구,서신동,서신동 884,서신동,35.83375079,127.1185573
서신광진산업아파트,완산구,서신동,서신동 987,서신동,35.83411478,127.1110082
서신중흥아파트,완산구,서신동,서신동 983,서신동,35.83480092,127.1156732
여울초교,완산구,서신동,서신동 983,서신동,35.83628984,127.1120558
전용리,완산구,서신동,서신동 281-40,서신동,35.82836358,127.1217607
흑석골입구,완산구,서서학,서서학동 169,서서학동,35.80529839,127.1511145
효문여중,완산구,삼천동,삼천동1가 709,삼천2동,35.79850143,127.1207231
삼천신일강변아파트,완산구,삼천동,삼천동1가 285-3,삼천3동,35.79854192,127.1144181
용흥초등학교,완산구,삼천동,삼천동1가 765-2,삼천3동,35.7939262,127.11226
장동마을,완산구,삼천동,삼천동3가 950-87,삼천3동,35.79410851,127.0780925
정동마을,완산구,삼천동,삼천동2가 1283,삼천3동,35.78315647,127.1039378
전주시립완산도서관,완산구,동완산,동완산동 13-3,완산동,35.81106397,127.1474375
서학로교육대학교,완산구,동서학,동서학동 942-2,동서학동,35.80943558,127.1541754
완주로고당마을,덕진구,호성동,호성동2가 866-7,호성동,35.87479333,127.1517792
호성동아아파트,덕진구,호성동,호성동1가 산16-3,호성동,35.86045947,127.1535275
휴비스전주공장,덕진구,팔복동,팔복동1가 333-6,팔복동,35.85843146,127.0964694
송천1동주민센터,덕진구,팔복동,팔복동1가 320-5,팔복동,35.85701397,127.1207733
안심마을.한국농수산대학,덕진구,중동,중동 850,효자4동,35.8248626,127.068046
안심마을.한국농수산대학,덕진구,중동 ,중동 850,혁신동,35.8251263,127.0686734
두현마을,덕진구,중동 ,중동 840,혁신동,35.83179932,127.0717087
동제마을,덕진구,장동 ,장동 532-1,여의동,35.85887418,127.0634552
혁신이노팰리스,덕진구,장동 ,장동 1084-1,여의동,35.8454984,127.0617583
혁신이노팰리스,덕진구,장동 ,장동 1110,여의동,35.8459396,127.0616009
호반2차정문,덕진구,장동 ,장동 1086-4,여의동,35.8406576,127.0639841
전용리,완산구,서신동,서신동 292-50,,35.82805427,127.1214867
청년회의소,덕진구,우아동,우아동3가 737,우아1동,35.84868639,127.1522348
청년회의소,덕진구,우아동,우아동3가 737,인후2동,35.84867803,127.1518315
금암초교입구,덕진구,금암동,금암동 515-15,금암1동,35.83655958,127.1369206
에코스위첸,덕진구,송천동,송천동 2가 1296-2,송천1동,35.8793652,127.1305983
에코스위첸,덕진구,송천동,송천동2가 1387,송천1동,35.8790768,127.130655
송천동2파출소,덕진구,송천동,송천동1가 419-2,송천2동,35.85863312,127.117815
덕진경찰서,덕진구,팔복동,팔복동3가 360-21,팔복동,35.8436462,127.0932716
전주시민기록관,덕진구,인후동,인후동1가 456-9,인후3동,35.83497116,127.1575518
화개네거리,덕진구,여의동,여의동 1262-4,여의동,35.85629267,127.0682474
만성도시상가,덕진구,만성동,만성동 1292,여의동,35.8420079,127.0782733
만성도시상가,덕진구,만성동,만성동 1292,여의동,35.8422609,127.0784492
조촌초교,덕진구,동산동,동산동 712-1,여의동,35.8692523,127.077388
가련산로.원대한방병원,덕진구,덕진동,덕진동2가 247,덕진동,35.84571856,127.1154564
서신성당,완산구,서신동,서신동 749-9,서신동,35.8270564,127.1187376
효천우미린1차아파트,완산구,효자동 2가,효자동 2가 327-2,,35.7988636,127.101455
천잠로.대방노블랜드,완산구,삼천동 2가,삼천동 2가 89-3,,35.7958417,127.1037498
농협공판장교차로,완산구,삼천동 2가,삼천동 2가 65,,35.794048,127.106636
효천리버클래스아파트,완산구,효자동 2가,효자동 2가 산 73,,35.7972926,127.1062659
효천우미린2차아파트,완산구,효자동 2가,효자동 2가 산 66,,35.7999073,127.1062751
효천초등학교,완산구,효자동 2가,효자동 2가 305-7,,35.7988017,127.1045541
송천신일아파트,덕진구,송천동,송천동 1가 산34-3,송천1동,35.86402015,127.1272632
만절리고개,덕진구,효자동3가,효자동3가 산203-1,,35.82308766,127.0815692
망월리,덕진구,용복동,용복동 8-3,,35.77449441,127.0957418
쑥고개,완산구,삼천동3가,삼천동3가 921-25,,35.79433014,127.0703877
떡정거리,완산구,중인동,중인동 160,,35.77627977,127.1021092
화정리,덕진구,호성동,호성동 2가 771-5,,35.875107,127.1416561
화정리,덕진구,호성동,호성동 2가 751-3,,35.8749265,127.1415904
초포초교,덕진구,호성동,호성동 2가 766-9,,35.8759587,127.1400459
초포초교,덕진구,호성동,호성동 2가 765-5,,35.87593292,127.1396531
발단마을,덕진구,송천동,송천동 2가 670-9,,35.8713261,127.114969
발단마을,덕진구,송천동,송천동 2가 670-15,,35.8714139,127.1148112
용흥마을,덕진구,송천동,송천동 2가 715-4,,35.87323252,127.1137621
용흥마을,덕진구,송천동,송천동 2가 1067-79,,35.87312102,127.1137026
월곡마을앞,덕진구,전미동,전미동 2가  산198-41,,35.8779065,127.1126074
효천초등학교,완산구,효자동,효자동2가 1383,,35.7985881,127.1053963
효천대방노블랜드,완산구,효자동2가,효자동2가 1392,,35.7970393,127.1060015
척동마을,완산구,효자동3가,효자동3가 1739,효자5동,35.8280696,127.0974234
한국국토정보공사,덕진구,중동,중동 826,중동,35.8385462,127.0657573
부남마을,완산구,색장동,색장동 588-1,색장동,35.78923161,127.1937055
은평마을,덕진구,전미동,전미동1가 305-14,,35.89615413,127.1251912
전주시보건소,완산구,중앙동,중앙동4가 30-3,중앙동,35.81515762,127.1427457
전주시보건소,완산구,다가동,다가동1가 100,,35.81475211,127.1429169
에코시티상가,덕진구,송천동,송천동2가 1392,,35.8709795,127.1274581
팔복예술공장.동명기계,덕진구,팔복동,팔복동 1가 320-5,팔복동,35.8562058,127.1007816
호남제일문,덕진구,여의동,여의동 1212-37,여의동,35.86776036,127.0711283
에코시티상가,덕진구,송천동,송천동2가 1392,송천1동,35.8721074,127.1277186
서신초교.아이파크이편한세상,완산구,서신동,서신동 52-6,서신동,35.82916245,127.1260859
거성고속맨션.자원봉사센터.고속버스터미널입구,덕진구,,진북동 1166-1,,35.83348524,127.1276
호성주공,덕진구,,호성동1가 792-7,,35.85813228,127.1533978
전라감영.완산경찰서,완산구,,전동 140-10,,35.81594824,127.146991
화개네거리,덕진구,,여의동 1263-11,,35.85561051,127.0689319
법조타운입구,덕진구,,여의동 852,,35.85146089,127.0787078
온고을로 미래페이퍼,덕진구,,만성동 산14-1,,35.84866117,127.0852907
대흥리,덕진구,성덕동,성덕동 159-1,,35.87700746,127.0397214
덕촌,덕진구,,팔복동3가 55-1,,35.84168682,127.0964506
덕진경찰서,덕진구,,팔복동3가 348-1,,35.84355976,127.0943964
인교마을아중요양병원,덕진구,,우아동1가 1112-1,,35.82855924,127.1734485
인교마을아중요양병원,덕진구,,우아동2가 933-3,,35.82884368,127.1734921
가소마을,덕진구,,금상동 1212,,35.85298416,127.1904619
송천동성원무지개아파트,덕진구,,송천동1가 809-4,,35.86493158,127.1213847
에코도시상가,덕진구,,송천동2가 1374,,35.8731559,127.1236593
전북자동차학원,덕진구,,호성동1가 874,,35.86564054,127.1602759
호성중,덕진구,,호성동1가 174-6,,35.86262591,127.1597286
유일여자고등학교,덕진구,,인후동1가 737,,35.83723127,127.159938
화약골,덕진구,,인후동1가 255-3,,35.82982541,127.157249
전주시민기록관,덕진구,,인후동1가 456-11,,35.83507037,127.1571197
하가지구휴먼빌아파트,덕진구,,덕진동2가 725,,35.83851579,127.1147775
거성고속맨션.자원봉사센터.고속버스터미널입구,덕진구,,진북동 1168-2,,35.8335539,127.1272236
서신중흥아파트,완산구,,서신로 106,,35.83489342,127.1160561
서일초교,완산구,,서신동 983,,35.83544123,127.1141332
서일초교,완산구,,서신동 960-5,,35.83570818,127.1140049
효자휴먼시아 2.3단지,완산구,,효자동2가 1192-1,,35.80789907,127.0999009
효자휴먼시아 2.3단지,완산구,,효자동2가 1201-2,,35.808788,127.1007183
한국출판문화산업진흥원,덕진구,,장동 1107,,35.83832929,127.0631546
우전초교,완산구,,효자동2가 197-10,,35.8045452,127.1078129
중화산2동주민센터,완산구,,중화산동2가 753-7,,35.8199958,127.1162212
중화산영무예다음현대아파트,완산구,,중화산동1가 329,,35.8112572,127.1317143
중화산동오페라하우스,완산구,,중화산동1가 331,,35.8113166,127.1319686
혁신도시입구,완산구,상림동,상림동 66,,35.8249595,127.071243
아래삼거리,덕진구,,금상동 227-2,,35.8542283,127.1962369
전일고 롯데마트,완산구,,효자동2가 1233-3,,35.81613987,127.1016635
진북전자상가,덕진구,,진북동 320-72,,35.83172599,127.1393423
가리내로 백제교,덕진구,,덕진동1가 1121-19,,35.83487104,127.1259193
세병호입구,덕진구,,송천동2가 1298,,35.8788305,127.1326558
만성골드클래스후문,덕진구,만성동,만성동 1386,,35.8492752,127.0783678
면허시험장월드컵경기장,덕진구,성덕동,여의동 1326-1,,35.8629971,127.0687456
